Issue_Type,RFQ_ID,Summary,Industry,Customer_Tier,Date_Received,Due_Date,Priority_Score,Priority_Tier,Rough_Value_Estimate,Doc_Reviewer,Doc_Review_Start,Doc_Review_End,Doc_Complete_Flag,Engineer,Eng_Review_Start,Eng_Review_End,Complexity,Technical_Risk_Flag,Num_Manufacturing_Processes,Tolerance_Class,Certifications_Required,Quote_Type,Special_Materials_Flag,Num_Unique_Part_Numbers,Quoting_Analyst,Quote_Start,Quote_End,Supplier_Quote_Required,Supplier_Wait_Days,Estimated_Cost,Margin_Pct,Quoted_Price,Quoted_Lead_Time_Days,Approver,Approval_Start,Approval_End,Review_Cycles,Delay_Risk_Score,Delay_Risk_Level,Win_Probability,Submit_Date,Submitted_On_Time,Actually_Late,Decision_Date,Outcome,Loss_Reason,Won_Value,Status
Task,RFQ-2600,RFQ-2600 - Aerospace RFQ (High complexity),Aerospace,Strategic,2026-05-01,2026-06-08,63,Medium,54700.0,T. Nguyen,2026-05-01,2026-05-04,Complete,L. Fischer,2026-05-01,2026-05-13,High,No,4,Tight,AS9100,New Quote,No,3,C. Diaz,2026-05-13,2026-05-20,No,0.0,39466.84,6.6,42255.72,37,VP Sales - K. Reyes,2026-05-20,2026-05-21,0,32,Medium,0.038,2026-05-22,Yes,False,2026-06-01,Loss,Price - Lost to Competitor,,Closed - Loss
Task,RFQ-2601,RFQ-2601 - Defense RFQ (High complexity),Defense,Standard,2026-05-01,2026-06-05,38,Low,70100.0,T. Nguyen,2026-05-01,2026-05-04,Missing Info - RFI Sent,D. Ortiz,2026-05-01,2026-05-11,High,No,7,Ultra-Tight,ITAR,Revision Quote,No,11,C. Diaz,2026-05-11,2026-05-13,No,0.0,42107.43,14.7,49363.93,35,VP Sales - K. Reyes,2026-05-13,2026-05-15,1,49,Medium,0.219,2026-05-18,Yes,False,2026-05-22,Loss,Technical Fit,,Closed - Loss
Task,RFQ-2602,RFQ-2602 - Commercial RFQ (Low complexity),Commercial,Standard,2026-05-01,2026-05-20,63,Medium,31700.0,S. Kim,2026-05-01,2026-05-04,Complete,L. Fischer,2026-05-01,2026-05-04,Low,No,3,Standard,ISO9001,Repeat Quote,No,7,A. Brooks,2026-05-04,2026-05-05,No,0.0,20474.2,28.1,28475.94,18,VP Sales - K. Reyes,2026-05-05,2026-05-14,3,41,Medium,0.63,2026-05-15,Yes,False,2026-06-08,Won,,28475.94,Closed - Won
Task,RFQ-2603,RFQ-2603 - Commercial RFQ (Low complexity),Commercial,Standard,2026-05-01,2026-05-14,64,Medium,58200.0,T. Nguyen,2026-05-01,2026-05-04,Missing Info - RFI Sent,D. Ortiz,2026-05-01,2026-05-04,Low,No,1,Standard,None,Revision Quote,Yes,2,C. Diaz,2026-05-04,2026-05-11,Yes,3.8,42451.47,31.2,61702.72,13,VP Sales - K. Reyes,2026-05-11,2026-05-13,0,11,Low,0.721,2026-05-14,Yes,False,2026-06-05,Won,,61702.72,Closed - Won
Task,RFQ-2604,RFQ-2604 - Aerospace RFQ (High complexity),Aerospace,Standard,2026-05-04,2026-06-08,46,Medium,39500.0,S. Kim,2026-05-04,2026-05-05,Complete,D. Ortiz,2026-05-04,2026-05-11,High,No,4,Ultra-Tight,None,Revision Quote,No,4,A. Brooks,2026-05-11,2026-05-13,No,0.0,22155.55,15.8,26313.0,35,VP Sales - K. Reyes,2026-05-13,2026-05-20,2,57,Medium,0.149,2026-05-21,Yes,False,2026-05-27,Loss,Lead Time Too Long,,Closed - Loss
Task,RFQ-2605,RFQ-2605 - Commercial RFQ (Low complexity),Commercial,Standard,2026-05-04,2026-05-22,100,High,210200.0,S. Kim,2026-05-04,2026-05-06,Complete,D. Ortiz,2026-05-04,2026-05-06,Low,No,2,Tight,None,Repeat Quote,No,4,C. Diaz,2026-05-06,2026-05-07,No,0.0,132795.24,18.5,162938.94,19,Director Ops - W. Turner,2026-05-07,2026-05-11,0,2,Low,0.687,2026-05-12,Yes,False,2026-05-27,Won,,162938.94,Closed - Won
Task,RFQ-2606,RFQ-2606 - Commercial RFQ (Medium complexity),Commercial,Standard,2026-05-04,2026-05-27,77,High,66100.0,T. Nguyen,2026-05-04,2026-05-06,Complete,D. Ortiz,2026-05-04,2026-05-11,Medium,No,3,Tight,None,New Quote,No,9,C. Diaz,2026-05-11,2026-05-13,No,0.0,47290.23,19.0,58383.0,24,VP Sales - K. Reyes,2026-05-13,2026-05-15,0,2,Low,0.258,2026-05-18,Yes,False,2026-05-29,Loss,Technical Fit,,Closed - Loss
Task,RFQ-2607,RFQ-2607 - Defense RFQ (High complexity),Defense,Standard,2026-05-04,2026-06-10,83,High,45800.0,T. Nguyen,2026-05-04,2026-05-06,Complete,D. Ortiz,2026-05-04,2026-05-18,High,Yes,4,Tight,AS9100+ITAR,New Quote,Yes,9,P. Singh,2026-05-18,2026-06-01,Yes,4.9,29708.54,17.3,35923.26,38,VP Sales - K. Reyes,2026-06-01,2026-06-02,0,31,Medium,0.272,2026-06-03,Yes,False,2026-06-23,Won,,35923.26,Closed - Won
Task,RFQ-2611,RFQ-2611 - Commercial RFQ (Low complexity),Commercial,Standard,2026-05-05,2026-05-20,69,High,23600.0,S. Kim,2026-05-05,2026-05-06,Complete,D. Ortiz,2026-05-05,2026-05-13,Low,No,3,Standard,None,New Quote,No,8,C. Diaz,2026-05-13,2026-05-18,Yes,1.5,13173.89,14.1,15336.31,16,VP Sales - K. Reyes,2026-05-18,2026-05-19,0,3,Low,0.308,2026-05-20,Yes,False,2026-06-11,Loss,Price - Lost to Competitor,,Closed - Loss
Task,RFQ-2610,RFQ-2610 - Aerospace RFQ (High complexity),Aerospace,Standard,2026-05-05,2026-06-15,58,Medium,7600.0,S. Kim,2026-05-05,2026-05-07,Complete,D. Ortiz,2026-05-05,2026-05-22,High,Yes,7,Tight,None,New Quote,Yes,10,A. Brooks,2026-05-22,2026-06-08,Yes,6.6,5144.5,29.3,7276.52,41,VP Sales - K. Reyes,2026-06-08,2026-06-17,3,60,High,0.138,2026-06-18,No,True,2026-07-01,Loss,No Bid Decision,,Closed - Loss
Task,RFQ-2612,RFQ-2612 - Commercial RFQ (Medium complexity),Commercial,Strategic,2026-05-05,2026-05-27,52,Medium,12200.0,S. Kim,2026-05-05,2026-05-06,Complete,D. Ortiz,2026-05-05,2026-05-18,Medium,No,2,Standard,None,New Quote,Yes,2,C. Diaz,2026-05-18,2026-05-25,Yes,3.0,7266.94,29.7,10337.04,23,VP Sales - K. Reyes,2026-05-25,2026-05-26,0,18,Low,0.324,2026-05-27,Yes,False,2026-06-18,Won,,10337.04,Closed - Won
Task,RFQ-2608,RFQ-2608 - Defense RFQ (High complexity),Defense,Standard,2026-05-05,2026-06-18,70,High,18200.0,S. Kim,2026-05-05,2026-05-06,Complete,L. Fischer,2026-05-05,2026-05-11,High,Yes,9,Tight,AS9100+ITAR,Repeat Quote,Yes,12,C. Diaz,2026-05-11,2026-05-15,Yes,1.9,12569.04,23.1,16344.66,45,VP Sales - K. Reyes,2026-05-15,2026-05-20,1,37,Medium,0.443,2026-05-21,Yes,False,2026-06-15,Loss,Technical Fit,,Closed - Loss
Task,RFQ-2609,RFQ-2609 - Medical RFQ (High complexity),Medical,Strategic,2026-05-05,2026-06-18,92,High,59100.0,T. Nguyen,2026-05-05,2026-05-06,Complete,D. Ortiz,2026-05-05,2026-05-20,High,Yes,7,Tight,ISO13485+FDA,New Quote,Yes,10,C. Diaz,2026-05-20,2026-05-27,No,0.0,42734.7,14.3,49865.46,45,VP Sales - K. Reyes,2026-05-27,2026-06-01,2,45,Medium,0.323,2026-06-02,Yes,False,2026-06-15,Loss,Technical Fit,,Closed - Loss
Task,RFQ-2613,RFQ-2613 - Medical RFQ (Medium complexity),Medical,Strategic,2026-05-06,2026-06-02,100,High,183100.0,T. Nguyen,2026-05-06,2026-05-08,Missing Info - RFI Sent,L. Fischer,2026-05-06,2026-05-12,Medium,No,2,Standard,ISO13485+FDA,New Quote,No,3,P. Singh,2026-05-12,2026-05-18,No,0.0,113944.45,22.5,147025.1,26,VP Sales - K. Reyes,2026-05-18,2026-05-22,1,34,Medium,0.442,2026-05-25,Yes,False,2026-06-04,Won,,147025.1,Closed - Won
Task,RFQ-2614,RFQ-2614 - Aerospace RFQ (High complexity),Aerospace,Standard,2026-05-07,2026-06-25,62,Medium,13600.0,T. Nguyen,2026-05-07,2026-05-11,Missing Info - RFI Sent,L. Fischer,2026-05-07,2026-05-14,High,Yes,2,Ultra-Tight,AS9100,Repeat Quote,Yes,3,P. Singh,2026-05-14,2026-05-18,No,0.0,9920.66,22.3,12767.9,49,VP Sales - K. Reyes,2026-05-18,2026-05-19,0,28,Low,0.183,2026-05-20,Yes,False,2026-05-27,Loss,Customer Program Cancelled,,Closed - Loss
Task,RFQ-2615,RFQ-2615 - Aerospace RFQ (Medium complexity),Aerospace,Standard,2026-05-07,2026-06-10,53,Medium,48100.0,S. Kim,2026-05-07,2026-05-11,Complete,D. Ortiz,2026-05-07,2026-05-19,Medium,No,6,Ultra-Tight,None,Repeat Quote,No,8,C. Diaz,2026-05-19,2026-05-20,No,0.0,28495.86,15.3,33643.28,33,VP Sales - K. Reyes,2026-05-20,2026-05-26,2,34,Medium,0.48,2026-05-27,Yes,False,2026-06-16,Loss,Lead Time Too Long,,Closed - Loss
Task,RFQ-2616,RFQ-2616 - Aerospace RFQ (High complexity),Aerospace,Opportunistic,2026-05-07,2026-06-25,47,Medium,37300.0,S. Kim,2026-05-07,2026-05-11,Complete,D. Ortiz,2026-05-07,2026-05-25,High,Yes,4,Ultra-Tight,None,Revision Quote,No,10,A. Brooks,2026-05-25,2026-05-27,No,0.0,26136.14,22.5,33724.05,49,VP Sales - K. Reyes,2026-05-27,2026-05-28,0,19,Low,0.243,2026-05-29,Yes,False,2026-06-12,Won,,33724.05,Closed - Won
Task,RFQ-2617,RFQ-2617 - Commercial RFQ (Medium complexity),Commercial,Opportunistic,2026-05-07,2026-06-09,5,Low,24600.0,T. Nguyen,2026-05-07,2026-05-11,Complete,D. Ortiz,2026-05-07,2026-05-22,Medium,No,3,Standard,None,New Quote,No,7,P. Singh,2026-05-22,2026-06-05,Yes,8.1,17146.84,30.9,24814.53,32,VP Sales - K. Reyes,2026-06-05,2026-06-08,0,13,Low,0.114,2026-06-09,Yes,False,2026-06-22,Loss,Customer Program Cancelled,,Closed - Loss
Task,RFQ-2618,RFQ-2618 - Aerospace RFQ (High complexity),Aerospace,Standard,2026-05-07,2026-06-25,56,Medium,52700.0,T. Nguyen,2026-05-07,2026-05-08,Complete,D. Ortiz,2026-05-07,2026-05-27,High,No,5,Ultra-Tight,None,Revision Quote,Yes,9,C. Diaz,2026-05-27,2026-06-05,Yes,4.7,31653.57,27.6,43720.4,49,VP Sales - K. Reyes,2026-06-05,2026-06-08,0,37,Medium,0.477,2026-06-09,Yes,False,2026-07-02,Loss,Price - Lost to Competitor,,Closed - Loss
Task,RFQ-2619,RFQ-2619 - Medical RFQ (Medium complexity),Medical,Opportunistic,2026-05-07,2026-06-01,31,Low,28800.0,S. Kim,2026-05-07,2026-05-08,Complete,D. Ortiz,2026-05-07,2026-05-26,Medium,No,4,Standard,FDA,New Quote,Yes,9,A. Brooks,2026-05-26,2026-05-28,No,0.0,20022.8,34.6,30615.9,24,VP Sales - K. Reyes,2026-05-28,2026-06-02,1,32,Medium,0.228,2026-06-03,No,False,2026-06-22,Loss,Price - Lost to Competitor,,Closed - Loss
Task,RFQ-2620,RFQ-2620 - Defense RFQ (High complexity),Defense,Opportunistic,2026-05-07,2026-06-19,52,Medium,25000.0,T. Nguyen,2026-05-07,2026-05-08,Complete,D. Ortiz,2026-05-07,2026-05-27,High,No,9,Ultra-Tight,AS9100,Repeat Quote,No,12,C. Diaz,2026-05-27,2026-06-01,Yes,0.5,17640.76,12.1,20069.12,44,VP Sales - K. Reyes,2026-06-01,2026-06-02,0,30,Medium,0.261,2026-06-03,Yes,False,2026-06-12,Loss,No Bid Decision,,Closed - Loss
Task,RFQ-2621,RFQ-2621 - Aerospace RFQ (High complexity),Aerospace,Standard,2026-05-08,2026-06-12,72,High,75000.0,S. Kim,2026-05-08,2026-05-11,Complete,L. Fischer,2026-05-08,2026-05-22,High,Yes,8,Ultra-Tight,None,New Quote,No,16,P. Singh,2026-05-22,2026-06-05,Yes,4.9,53899.84,24.6,71485.2,35,Director Ops - W. Turner,2026-06-05,2026-06-12,1,59,Medium,0.316,2026-06-15,No,False,2026-07-01,Won,,71485.2,Closed - Won
Task,RFQ-2624,RFQ-2624 - Defense RFQ (High complexity),Defense,Standard,2026-05-11,2026-06-24,53,Medium,26200.0,T. Nguyen,2026-05-11,2026-05-12,Complete,L. Fischer,2026-05-11,2026-05-21,High,No,7,Tight,ITAR,New Quote,Yes,13,P. Singh,2026-05-21,2026-06-03,Yes,5.3,16957.65,21.3,21547.2,45,VP Sales - K. Reyes,2026-06-03,2026-06-04,0,17,Low,0.265,2026-06-05,Yes,False,2026-06-25,Loss,Price - Lost to Competitor,,Closed - Loss
Task,RFQ-2622,RFQ-2622 - Commercial RFQ (Low complexity),Commercial,Standard,2026-05-11,2026-05-26,60,Medium,16000.0,S. Kim,2026-05-11,2026-05-12,Complete,L. Fischer,2026-05-11,2026-05-14,Low,Yes,4,Standard,None,New Quote,No,5,C. Diaz,2026-05-14,2026-05-26,Yes,6.9,11631.52,25.6,15633.76,16,VP Sales - K. Reyes,2026-05-26,2026-06-01,2,46,Medium,0.421,2026-06-02,No,False,2026-06-09,Loss,No Bid Decision,,Closed - Loss
Task,RFQ-2623,RFQ-2623 - Medical RFQ (High complexity),Medical,Standard,2026-05-11,2026-06-19,59,Medium,100700.0,S. Kim,2026-05-11,2026-05-12,Complete,L. Fischer,2026-05-11,2026-05-22,High,Yes,4,Tight,ISO13485,New Quote,No,11,A. Brooks,2026-05-22,2026-05-28,No,0.0,68521.47,32.6,101663.9,41,VP Sales - K. Reyes,2026-05-28,2026-06-01,0,22,Low,0.198,2026-06-02,Yes,False,2026-06-10,Won,,101663.9,Closed - Won
Task,RFQ-2625,RFQ-2625 - Commercial RFQ (Low complexity),Commercial,Standard,2026-05-11,2026-05-21,84,High,144100.0,T. Nguyen,2026-05-11,2026-05-13,Complete,D. Ortiz,2026-05-11,2026-05-14,Low,No,1,Standard,None,New Quote,No,2,A. Brooks,2026-05-14,2026-05-18,No,0.0,82112.7,20.1,102769.34,11,VP Sales - K. Reyes,2026-05-18,2026-05-20,0,0,Low,0.278,2026-05-21,Yes,False,2026-05-29,Loss,Price - Lost to Competitor,,Closed - Loss
Task,RFQ-2627,RFQ-2627 - Defense RFQ (High complexity),Defense,Standard,2026-05-12,2026-06-24,65,High,89300.0,T. Nguyen,2026-05-12,2026-05-13,Complete,L. Fischer,2026-05-12,2026-05-27,High,No,8,Ultra-Tight,ITAR,New Quote,Yes,10,C. Diaz,2026-05-27,2026-06-03,No,0.0,61062.41,31.2,88753.5,44,Director Ops - W. Turner,2026-06-03,2026-06-05,0,25,Low,0.02,2026-06-08,Yes,False,2026-06-30,Loss,Price - Lost to Competitor,,Closed - Loss
Task,RFQ-2626,RFQ-2626 - Commercial RFQ (Medium complexity),Commercial,Strategic,2026-05-12,2026-06-11,73,High,70000.0,S. Kim,2026-05-12,2026-05-14,Complete,L. Fischer,2026-05-12,2026-05-19,Medium,No,3,Standard,None,New Quote,No,7,A. Brooks,2026-05-19,2026-05-20,No,0.0,43830.25,30.0,62614.64,31,Director Ops - W. Turner,2026-05-20,2026-05-22,0,19,Low,0.356,2026-05-25,Yes,False,2026-05-29,Loss,Price - Lost to Competitor,,Closed - Loss
Task,RFQ-2628,RFQ-2628 - Commercial RFQ (Medium complexity),Commercial,Opportunistic,2026-05-13,2026-06-04,44,Medium,5300.0,S. Kim,2026-05-13,2026-05-15,Missing Info - RFI Sent,L. Fischer,2026-05-13,2026-05-22,Medium,No,3,Tight,ISO9001,New Quote,No,4,C. Diaz,2026-05-22,2026-05-25,No,0.0,3774.62,32.5,5592.03,23,VP Sales - K. Reyes,2026-05-25,2026-06-03,3,54,Medium,0.199,2026-06-04,Yes,False,2026-06-19,Won,,5592.03,Closed - Won
Task,RFQ-2629,RFQ-2629 - Commercial RFQ (Low complexity),Commercial,Opportunistic,2026-05-13,2026-05-28,58,Medium,44600.0,S. Kim,2026-05-13,2026-05-15,Complete,L. Fischer,2026-05-13,2026-05-20,Low,No,2,Tight,None,Repeat Quote,No,4,P. Singh,2026-05-20,2026-05-27,Yes,3.8,31746.01,39.2,52213.83,15,VP Sales - K. Reyes,2026-05-27,2026-06-03,1,37,Medium,0.547,2026-06-04,No,True,2026-06-10,Won,,52213.83,Closed - Won
Task,RFQ-2630,RFQ-2630 - Medical RFQ (Medium complexity),Medical,Opportunistic,2026-05-14,2026-06-10,67,High,203100.0,S. Kim,2026-05-14,2026-05-18,Missing Info - RFI Sent,L. Fischer,2026-05-14,2026-05-26,Medium,No,1,Tight,FDA,Revision Quote,Yes,3,C. Diaz,2026-05-26,2026-05-29,Yes,0.5,119396.95,30.3,171301.22,26,VP Sales - K. Reyes,2026-05-29,2026-06-02,0,22,Low,0.585,2026-06-03,Yes,False,2026-06-26,Loss,No Bid Decision,,Closed - Loss
Task,RFQ-2631,RFQ-2631 - Aerospace RFQ (High complexity),Aerospace,Standard,2026-05-14,2026-07-02,64,Medium,22300.0,S. Kim,2026-05-14,2026-05-18,Missing Info - RFI Sent,D. Ortiz,2026-05-14,2026-05-27,High,No,9,Tight,None,New Quote,No,12,P. Singh,2026-05-27,2026-06-03,No,0.0,12484.06,20.8,15762.7,49,VP Sales - K. Reyes,2026-06-03,2026-06-04,0,35,Medium,0.441,2026-06-05,Yes,False,2026-06-24,Won,,15762.7,Closed - Won
Task,RFQ-2632,RFQ-2632 - Medical RFQ (Medium complexity),Medical,Standard,2026-05-14,2026-06-04,73,High,83200.0,T. Nguyen,2026-05-14,2026-05-15,Missing Info - RFI Sent,L. Fischer,2026-05-14,2026-05-27,Medium,No,4,Standard,FDA,New Quote,No,7,A. Brooks,2026-05-27,2026-05-29,No,0.0,53026.15,10.3,59114.99,21,VP Sales - K. Reyes,2026-05-29,2026-06-02,0,17,Low,0.488,2026-06-03,Yes,False,2026-06-23,Won,,59114.99,Closed - Won
Task,RFQ-2633,RFQ-2633 - Medical RFQ (High complexity),Medical,Standard,2026-05-14,2026-06-26,64,Medium,88400.0,S. Kim,2026-05-14,2026-05-18,Complete,L. Fischer,2026-05-14,2026-05-27,High,Yes,3,Ultra-Tight,FDA,Repeat Quote,No,9,A. Brooks,2026-05-27,2026-06-01,Yes,2.0,64438.08,21.0,81567.19,43,VP Sales - K. Reyes,2026-06-01,2026-06-09,3,73,High,0.406,2026-06-10,Yes,False,2026-06-18,Loss,Technical Fit,,Closed - Loss
Task,RFQ-2634,RFQ-2634 - Aerospace RFQ (Medium complexity),Aerospace,Standard,2026-05-14,2026-06-11,56,Medium,48900.0,S. Kim,2026-05-14,2026-05-15,Complete,L. Fischer,2026-05-14,2026-05-29,Medium,No,4,Standard,AS9100,Repeat Quote,No,8,C. Diaz,2026-05-29,2026-06-05,Yes,3.1,30506.49,17.9,37157.72,28,VP Sales - K. Reyes,2026-06-05,2026-06-15,3,58,Medium,0.628,2026-06-16,No,False,2026-07-06,Loss,No Bid Decision,,Closed - Loss
Task,RFQ-2635,RFQ-2635 - Commercial RFQ (Low complexity),Commercial,Standard,2026-05-14,2026-05-28,67,High,15300.0,S. Kim,2026-05-14,2026-05-15,Missing Info - RFI Sent,L. Fischer,2026-05-14,2026-05-29,Low,No,1,Standard,None,Repeat Quote,No,3,A. Brooks,2026-05-29,2026-06-01,No,0.0,10270.28,26.6,13992.21,14,VP Sales - K. Reyes,2026-06-01,2026-06-02,0,29,Low,0.378,2026-06-03,No,True,2026-06-19,Loss,Customer Program Cancelled,,Closed - Loss
Task,RFQ-2636,RFQ-2636 - Commercial RFQ (Medium complexity),Commercial,Strategic,2026-05-15,2026-06-18,76,High,8700.0,T. Nguyen,2026-05-15,2026-05-19,Complete,L. Fischer,2026-05-15,2026-06-02,Medium,No,3,Tight,ISO9001,New Quote,No,5,P. Singh,2026-06-02,2026-06-15,Yes,8.1,4852.24,35.1,7476.49,33,VP Sales - K. Reyes,2026-06-15,2026-06-18,2,34,Medium,0.36,2026-06-19,No,True,2026-07-06,Won,,7476.49,Closed - Won
Task,RFQ-2637,RFQ-2637 - Defense RFQ (High complexity),Defense,Standard,2026-05-15,2026-06-22,56,Medium,43300.0,S. Kim,2026-05-15,2026-05-19,Complete,L. Fischer,2026-05-15,2026-06-04,High,Yes,9,Ultra-Tight,AS9100+ITAR,Repeat Quote,Yes,9,A. Brooks,2026-06-04,2026-06-08,No,0.0,25760.81,11.3,29042.63,37,VP Sales - K. Reyes,2026-06-08,2026-06-09,0,34,Medium,0.559,2026-06-10,Yes,False,2026-06-18,Loss,Customer Program Cancelled,,Closed - Loss
Task,RFQ-2638,RFQ-2638 - Medical RFQ (Low complexity),Medical,Strategic,2026-05-15,2026-06-08,75,High,36600.0,T. Nguyen,2026-05-15,2026-05-19,Complete,D. Ortiz,2026-05-15,2026-05-19,Low,No,2,Standard,ISO13485,Repeat Quote,No,4,C. Diaz,2026-05-19,2026-05-20,No,0.0,23828.63,35.0,36659.43,22,VP Sales - K. Reyes,2026-05-20,2026-05-25,1,25,Low,0.763,2026-05-26,Yes,False,2026-06-08,Won,,36659.43,Closed - Won
Task,RFQ-2639,RFQ-2639 - Aerospace RFQ (High complexity),Aerospace,Standard,2026-05-18,2026-07-01,70,High,8500.0,T. Nguyen,2026-05-18,2026-05-19,Complete,L. Fischer,2026-05-18,2026-05-27,High,Yes,9,Tight,AS9100,New Quote,No,17,C. Diaz,2026-05-27,2026-06-03,No,0.0,4768.86,25.8,6427.04,45,VP Sales - K. Reyes,2026-06-03,2026-06-08,2,48,Medium,0.371,2026-06-09,Yes,False,2026-06-22,Won,,6427.04,Closed - Won
Task,RFQ-2645,RFQ-2645 - Defense RFQ (Medium complexity),Defense,Standard,2026-05-19,2026-06-15,23,Low,13100.0,S. Kim,2026-05-19,2026-05-20,Complete,L. Fischer,2026-05-19,2026-05-28,Medium,No,3,Tight,ITAR,Repeat Quote,Yes,7,P. Singh,2026-05-28,2026-05-29,No,0.0,7732.53,31.6,11304.87,27,VP Sales - K. Reyes,2026-05-29,2026-06-08,2,35,Medium,0.642,2026-06-09,Yes,False,2026-06-15,Loss,No Bid Decision,,Closed - Loss
Task,RFQ-2644,RFQ-2644 - Commercial RFQ (Low complexity),Commercial,Standard,2026-05-19,2026-06-03,54,Medium,19500.0,S. Kim,2026-05-19,2026-05-20,Complete,L. Fischer,2026-05-19,2026-05-25,Low,No,1,Standard,None,Repeat Quote,Yes,1,C. Diaz,2026-05-25,2026-06-01,Yes,4.0,10767.97,26.7,14690.27,16,VP Sales - K. Reyes,2026-06-01,2026-06-08,2,46,Medium,0.462,2026-06-09,No,False,2026-06-17,Loss,Lead Time Too Long,,Closed - Loss
Task,RFQ-2643,RFQ-2643 - Medical RFQ (Medium complexity),Medical,Strategic,2026-05-19,2026-06-16,76,High,147700.0,T. Nguyen,2026-05-19,2026-05-21,Complete,L. Fischer,2026-05-19,2026-05-27,Medium,No,3,Tight,ISO13485+FDA,Revision Quote,No,7,P. Singh,2026-05-27,2026-05-29,No,0.0,100042.24,26.4,135926.96,28,Director Ops - W. Turner,2026-05-29,2026-06-02,0,15,Low,0.316,2026-06-03,Yes,False,2026-06-23,Loss,Price - Lost to Competitor,,Closed - Loss
Task,RFQ-2641,RFQ-2641 - Commercial RFQ (High complexity),Commercial,Standard,2026-05-19,2026-06-26,70,High,23300.0,S. Kim,2026-05-19,2026-05-20,Missing Info - RFI Sent,L. Fischer,2026-05-19,2026-06-01,High,No,3,Tight,ISO9001,New Quote,Yes,5,A. Brooks,2026-06-01,2026-06-09,No,0.0,15659.16,15.8,18597.58,39,VP Sales - K. Reyes,2026-06-09,2026-06-10,0,23,Low,0.229,2026-06-11,Yes,False,2026-07-01,Loss,Price - Lost to Competitor,,Closed - Loss
Task,RFQ-2640,RFQ-2640 - Medical RFQ (High complexity),Medical,Standard,2026-05-19,2026-06-23,43,Medium,32800.0,S. Kim,2026-05-19,2026-05-21,Missing Info - RFI Sent,L. Fischer,2026-05-19,2026-06-01,High,Yes,5,Standard,ISO13485+FDA,New Quote,No,11,A. Brooks,2026-06-01,2026-06-10,Yes,3.2,24533.24,28.8,34456.8,35,VP Sales - K. Reyes,2026-06-10,2026-06-17,2,50,Medium,0.276,2026-06-18,Yes,False,2026-06-25,Loss,Lead Time Too Long,,Closed - Loss
Task,RFQ-2642,RFQ-2642 - Aerospace RFQ (High complexity),Aerospace,Standard,2026-05-19,2026-06-29,55,Medium,8200.0,T. Nguyen,2026-05-19,2026-05-20,Complete,L. Fischer,2026-05-19,2026-05-28,High,No,7,Ultra-Tight,None,Revision Quote,No,12,C. Diaz,2026-05-28,2026-06-04,Yes,2.4,5537.69,24.7,7354.17,40,VP Sales - K. Reyes,2026-06-04,2026-06-05,0,14,Low,0.512,2026-06-08,Yes,False,2026-06-24,Loss,Customer Program Cancelled,,Closed - Loss
Task,RFQ-2646,RFQ-2646 - Commercial RFQ (Low complexity),Commercial,Strategic,2026-05-20,2026-06-11,64,Medium,25300.0,S. Kim,2026-05-20,2026-05-22,Complete,L. Fischer,2026-05-20,2026-05-29,Low,No,4,Standard,None,Repeat Quote,Yes,9,A. Brooks,2026-05-29,2026-05-29,Yes,0.5,15219.94,20.6,19168.69,22,VP Sales - K. Reyes,2026-05-29,2026-06-05,3,20,Low,0.701,2026-06-08,Yes,False,2026-06-18,Won,,19168.69,Closed - Won
Task,RFQ-2647,RFQ-2647 - Commercial RFQ (Low complexity),Commercial,Standard,2026-05-20,2026-06-04,64,Medium,56200.0,S. Kim,2026-05-20,2026-05-21,Complete,L. Fischer,2026-05-20,2026-05-29,Low,No,4,Standard,None,Revision Quote,No,5,P. Singh,2026-05-29,2026-06-09,Yes,6.9,38231.01,16.6,45840.54,16,VP Sales - K. Reyes,2026-06-09,2026-06-10,0,30,Medium,0.646,2026-06-11,No,False,2026-06-17,Won,,45840.54,Closed - Won
Task,RFQ-2651,RFQ-2651 - Commercial RFQ (Medium complexity),Commercial,Opportunistic,2026-05-21,2026-06-15,43,Medium,72700.0,T. Nguyen,2026-05-21,2026-05-25,Complete,L. Fischer,2026-05-21,2026-06-04,Medium,Yes,4,Tight,None,Revision Quote,No,9,C. Diaz,2026-06-04,2026-06-08,No,0.0,46502.06,29.2,65680.88,24,Director Ops - W. Turner,2026-06-08,2026-06-10,0,15,Low,0.607,2026-06-11,Yes,False,2026-06-24,Won,,65680.88,Closed - Won
Task,RFQ-2648,RFQ-2648 - Aerospace RFQ (High complexity),Aerospace,Standard,2026-05-21,2026-07-08,64,Medium,53700.0,T. Nguyen,2026-05-21,2026-05-25,Missing Info - RFI Sent,D. Ortiz,2026-05-21,2026-06-01,High,No,3,Ultra-Tight,AS9100,New Quote,No,7,A. Brooks,2026-06-01,2026-06-05,No,0.0,40039.21,26.0,54107.04,47,VP Sales - K. Reyes,2026-06-05,2026-06-09,0,31,Medium,0.185,2026-06-10,Yes,False,2026-06-17,Loss,No Bid Decision,,Closed - Loss
Task,RFQ-2649,RFQ-2649 - Commercial RFQ (Medium complexity),Commercial,Opportunistic,2026-05-21,2026-06-12,44,Medium,25400.0,S. Kim,2026-05-21,2026-05-25,Complete,D. Ortiz,2026-05-21,2026-05-28,Medium,No,2,Tight,None,New Quote,No,4,P. Singh,2026-05-28,2026-06-02,No,0.0,17611.1,23.4,22990.99,23,VP Sales - K. Reyes,2026-06-02,2026-06-03,0,20,Low,0.168,2026-06-04,Yes,False,2026-06-17,Won,,22990.99,Closed - Won
Task,RFQ-2650,RFQ-2650 - Commercial RFQ (Low complexity),Commercial,Strategic,2026-05-21,2026-06-04,92,High,31100.0,S. Kim,2026-05-21,2026-05-22,Missing Info - RFI Sent,L. Fischer,2026-05-21,2026-06-02,Low,No,3,Tight,None,Revision Quote,No,6,A. Brooks,2026-06-02,2026-06-03,No,0.0,17309.08,24.6,22956.34,14,VP Sales - K. Reyes,2026-06-03,2026-06-04,0,0,Low,0.555,2026-06-05,No,False,2026-06-15,Won,,22956.34,Closed - Won
Task,RFQ-2652,RFQ-2652 - Commercial RFQ (Low complexity),Commercial,Standard,2026-05-21,2026-06-09,67,High,77800.0,S. Kim,2026-05-21,2026-05-22,Complete,L. Fischer,2026-05-21,2026-06-03,Low,No,2,Standard,ISO9001,Repeat Quote,No,7,P. Singh,2026-06-03,2026-06-03,No,0.0,52092.64,33.6,78452.77,18,VP Sales - K. Reyes,2026-06-03,2026-06-05,0,10,Low,0.392,2026-06-08,Yes,False,2026-06-12,Loss,Price - Lost to Competitor,,Closed - Loss
Task,RFQ-2654,RFQ-2654 - Aerospace RFQ (High complexity),Aerospace,Standard,2026-05-25,2026-07-03,77,High,74000.0,T. Nguyen,2026-05-25,2026-05-26,Complete,D. Ortiz,2026-05-25,2026-06-04,High,No,4,Ultra-Tight,None,New Quote,Yes,9,P. Singh,2026-06-04,2026-06-16,Yes,4.7,50008.43,17.4,60542.89,41,Director Ops - W. Turner,2026-06-16,2026-06-25,2,51,Medium,0.293,2026-06-26,Yes,False,2026-07-06,Loss,Price - Lost to Competitor,,Closed - Loss
Task,RFQ-2653,RFQ-2653 - Defense RFQ (High complexity),Defense,Standard,2026-05-25,2026-06-30,51,Medium,13800.0,S. Kim,2026-05-25,2026-05-26,Missing Info - RFI Sent,D. Ortiz,2026-05-25,2026-06-01,High,No,4,Ultra-Tight,AS9100+ITAR,Revision Quote,No,6,P. Singh,2026-06-01,2026-06-10,Yes,2.8,9399.07,10.8,10537.07,36,VP Sales - K. Reyes,2026-06-10,2026-06-19,3,60,High,0.172,2026-06-22,Yes,False,2026-07-14,Loss,Price - Lost to Competitor,,Closed - Loss
Task,RFQ-2656,RFQ-2656 - Defense RFQ (High complexity),Defense,Strategic,2026-05-26,2026-07-01,90,High,50300.0,S. Kim,2026-05-26,2026-05-28,Complete,D. Ortiz,2026-05-26,2026-06-05,High,Yes,5,Tight,AS9100+ITAR,New Quote,No,8,C. Diaz,2026-06-05,2026-06-11,No,0.0,34945.88,27.6,48267.79,36,VP Sales - K. Reyes,2026-06-11,2026-06-19,2,45,Medium,0.08,2026-06-22,Yes,False,2026-07-07,Loss,Lead Time Too Long,,Closed - Loss
Task,RFQ-2655,RFQ-2655 - Aerospace RFQ (High complexity),Aerospace,Standard,2026-05-26,2026-07-03,44,Medium,8700.0,T. Nguyen,2026-05-26,2026-05-27,Complete,L. Fischer,2026-05-26,2026-05-29,High,No,3,Ultra-Tight,AS9100,Repeat Quote,Yes,6,C. Diaz,2026-05-29,2026-06-05,Yes,4.1,5692.78,23.5,7441.54,39,VP Sales - K. Reyes,2026-06-05,2026-06-15,2,43,Medium,0.39,2026-06-16,Yes,False,2026-07-01,Won,,7441.54,Closed - Won
Task,RFQ-2657,RFQ-2657 - Defense RFQ (Medium complexity),Defense,Standard,2026-05-27,2026-06-19,27,Low,57800.0,S. Kim,2026-05-27,2026-05-29,Complete,D. Ortiz,2026-05-27,2026-06-02,Medium,No,6,Tight,AS9100+ITAR,Revision Quote,No,9,C. Diaz,2026-06-02,2026-06-09,Yes,3.4,40601.63,44.6,73288.14,24,VP Sales - K. Reyes,2026-06-09,2026-06-15,1,36,Medium,0.429,2026-06-16,Yes,False,2026-07-01,Loss,No Bid Decision,,Closed - Loss
Task,RFQ-2658,RFQ-2658 - Aerospace RFQ (High complexity),Aerospace,Strategic,2026-05-27,2026-07-14,84,High,26400.0,T. Nguyen,2026-05-27,2026-05-28,Complete,D. Ortiz,2026-05-27,2026-06-10,High,Yes,8,Tight,None,New Quote,Yes,17,A. Brooks,2026-06-10,2026-06-16,No,0.0,15565.34,21.3,19778.07,47,VP Sales - K. Reyes,2026-06-16,2026-06-23,2,54,Medium,0.385,2026-06-24,Yes,False,2026-06-30,Loss,Customer Program Cancelled,,Closed - Loss
Task,RFQ-2659,RFQ-2659 - Commercial RFQ (Low complexity),Commercial,Standard,2026-05-27,2026-06-17,48,Medium,30800.0,S. Kim,2026-05-27,2026-05-29,Complete,L. Fischer,2026-05-27,2026-05-29,Low,No,4,Tight,None,Repeat Quote,No,5,A. Brooks,2026-05-29,2026-06-01,No,0.0,20674.17,18.1,25243.19,21,VP Sales - K. Reyes,2026-06-01,2026-06-02,0,0,Low,0.629,2026-06-03,Yes,False,2026-06-16,Won,,25243.19,Closed - Won
Task,RFQ-2660,RFQ-2660 - Commercial RFQ (Low complexity),Commercial,Opportunistic,2026-05-28,2026-06-16,81,High,100800.0,T. Nguyen,2026-05-28,2026-06-01,Complete,L. Fischer,2026-05-28,2026-06-01,Low,No,3,Standard,None,Revision Quote,No,3,A. Brooks,2026-06-01,2026-06-02,No,0.0,71013.72,22.3,91394.75,18,VP Sales - K. Reyes,2026-06-02,2026-06-09,1,17,Low,0.256,2026-06-10,Yes,False,2026-07-02,Loss,Lead Time Too Long,,Closed - Loss
Task,RFQ-2661,RFQ-2661 - Aerospace RFQ (High complexity),Aerospace,Opportunistic,2026-05-28,2026-07-14,14,Low,21100.0,S. Kim,2026-05-28,2026-05-29,Complete,D. Ortiz,2026-05-28,2026-06-10,High,Yes,3,Ultra-Tight,AS9100,Revision Quote,Yes,5,C. Diaz,2026-06-10,2026-06-17,Yes,2.0,13982.19,26.0,18894.85,46,VP Sales - K. Reyes,2026-06-17,2026-06-22,2,52,Medium,0.372,2026-06-23,Yes,False,2026-07-09,Loss,Lead Time Too Long,,Closed - Loss
Task,RFQ-2662,RFQ-2662 - Commercial RFQ (Low complexity),Commercial,Standard,2026-05-28,2026-06-22,71,High,40000.0,T. Nguyen,2026-05-28,2026-06-01,Complete,D. Ortiz,2026-05-28,2026-06-05,Low,No,1,Ultra-Tight,ISO9001,Repeat Quote,No,1,A. Brooks,2026-06-05,2026-06-11,Yes,3.5,26346.47,41.3,44883.25,24,VP Sales - K. Reyes,2026-06-11,2026-06-16,1,10,Low,0.736,2026-06-17,Yes,False,2026-06-25,Won,,44883.25,Closed - Won
Task,RFQ-2663,RFQ-2663 - Aerospace RFQ (Medium complexity),Aerospace,Standard,2026-05-28,2026-06-29,30,Low,30000.0,S. Kim,2026-05-28,2026-05-29,Complete,D. Ortiz,2026-05-28,2026-06-08,Medium,No,6,Standard,None,Repeat Quote,No,9,A. Brooks,2026-06-08,2026-06-16,Yes,4.3,21105.97,28.9,29684.91,31,VP Sales - K. Reyes,2026-06-16,2026-06-17,0,8,Low,0.449,2026-06-18,Yes,False,2026-07-07,Loss,No Bid Decision,,Closed - Loss
Task,RFQ-2664,RFQ-2664 - Defense RFQ (Medium complexity),Defense,Standard,2026-06-01,2026-07-03,90,High,132100.0,T. Nguyen,2026-06-01,2026-06-03,Missing Info - RFI Sent,L. Fischer,2026-06-01,2026-06-05,Medium,No,3,Standard,ITAR,New Quote,No,7,P. Singh,2026-06-05,2026-06-10,No,0.0,87460.08,17.1,105500.7,33,VP Sales - K. Reyes,2026-06-10,2026-06-12,0,26,Low,0.5,2026-06-15,Yes,False,2026-06-24,Loss,Price - Lost to Competitor,,Closed - Loss
Task,RFQ-2665,RFQ-2665 - Commercial RFQ (Medium complexity),Commercial,Strategic,2026-06-01,2026-06-26,76,High,92500.0,T. Nguyen,2026-06-01,2026-06-02,Complete,L. Fischer,2026-06-01,2026-06-04,Medium,No,3,Tight,ISO9001,Revision Quote,Yes,12,A. Brooks,2026-06-04,2026-06-08,No,0.0,52172.12,20.0,65215.15,27,VP Sales - K. Reyes,2026-06-08,2026-06-12,1,21,Low,0.486,2026-06-15,Yes,False,2026-06-29,Loss,Lead Time Too Long,,Closed - Loss
Task,RFQ-2666,RFQ-2666 - Medical RFQ (High complexity),Medical,Standard,2026-06-02,2026-07-20,54,Medium,27000.0,S. Kim,2026-06-02,2026-06-04,Complete,L. Fischer,2026-06-02,2026-06-09,High,No,4,Tight,FDA,Repeat Quote,Yes,9,C. Diaz,2026-06-09,2026-06-12,No,0.0,19669.42,31.8,28840.79,47,VP Sales - K. Reyes,2026-06-12,2026-06-15,0,49,Medium,0.216,2026-06-16,Yes,False,2026-06-22,Loss,Lead Time Too Long,,Closed - Loss
Task,RFQ-2667,RFQ-2667 - Medical RFQ (Low complexity),Medical,Strategic,2026-06-02,2026-06-15,100,High,67600.0,T. Nguyen,2026-06-02,2026-06-03,Complete,L. Fischer,2026-06-02,2026-06-05,Low,No,5,Standard,ISO13485+FDA,Repeat Quote,No,4,A. Brooks,2026-06-05,2026-06-05,No,0.0,48596.4,35.4,75226.63,13,Director Ops - W. Turner,2026-06-05,2026-06-09,0,0,Low,0.447,2026-06-10,Yes,False,2026-07-03,Won,,75226.63,Closed - Won
Task,RFQ-2670,RFQ-2670 - Commercial RFQ (High complexity),Commercial,Standard,2026-06-03,2026-07-14,57,Medium,61000.0,T. Nguyen,2026-06-03,2026-06-05,Complete,L. Fischer,2026-06-03,2026-06-17,High,No,4,Ultra-Tight,None,Revision Quote,No,7,P. Singh,2026-06-17,2026-06-19,No,0.0,36543.35,18.0,44565.06,40,VP Sales - K. Reyes,2026-06-19,2026-06-22,0,30,Medium,0.297,2026-06-23,Yes,False,2026-07-08,Loss,Customer Program Cancelled,,Closed - Loss
Task,RFQ-2669,RFQ-2669 - Aerospace RFQ (Medium complexity),Aerospace,Strategic,2026-06-03,2026-06-24,73,High,15500.0,T. Nguyen,2026-06-03,2026-06-04,Complete,L. Fischer,2026-06-03,2026-06-10,Medium,No,4,Ultra-Tight,None,Repeat Quote,No,8,P. Singh,2026-06-10,2026-06-12,No,0.0,10791.19,34.3,16424.95,21,VP Sales - K. Reyes,2026-06-12,2026-06-15,0,20,Low,0.433,2026-06-16,Yes,False,2026-06-30,Won,,16424.95,Closed - Won
Task,RFQ-2668,RFQ-2668 - Commercial RFQ (Low complexity),Commercial,Opportunistic,2026-06-03,2026-06-16,54,Medium,16700.0,T. Nguyen,2026-06-03,2026-06-04,Complete,L. Fischer,2026-06-03,2026-06-09,Low,No,1,Tight,None,Repeat Quote,No,3,C. Diaz,2026-06-09,2026-06-09,No,0.0,9725.35,27.3,13377.37,13,VP Sales - K. Reyes,2026-06-09,2026-06-10,0,0,Low,0.609,2026-06-11,Yes,False,2026-07-03,Won,,13377.37,Closed - Won
Task,RFQ-2671,RFQ-2671 - Defense RFQ (High complexity),Defense,Standard,2026-06-04,2026-07-10,51,Medium,20500.0,S. Kim,2026-06-04,2026-06-05,Complete,D. Ortiz,2026-06-04,2026-06-16,High,Yes,8,Standard,ITAR,New Quote,No,11,A. Brooks,2026-06-16,2026-06-23,No,0.0,13523.43,12.8,15508.52,36,VP Sales - K. Reyes,2026-06-23,2026-06-24,0,21,Low,0.073,2026-06-25,Yes,False,2026-07-17,Loss,Lead Time Too Long,,Closed - Loss
Task,RFQ-2672,RFQ-2672 - Medical RFQ (High complexity),Medical,Strategic,2026-06-04,2026-07-17,97,High,73700.0,S. Kim,2026-06-04,2026-06-05,Complete,D. Ortiz,2026-06-04,2026-06-16,High,No,5,Ultra-Tight,ISO13485+FDA,New Quote,No,8,C. Diaz,2026-06-16,2026-06-22,No,0.0,42908.81,20.0,53636.01,44,VP Sales - K. Reyes,2026-06-22,2026-06-29,1,33,Medium,0.175,2026-06-30,Yes,False,2026-07-15,Loss,Lead Time Too Long,,Closed - Loss
Task,RFQ-2673,RFQ-2673 - Medical RFQ (Medium complexity),Medical,Standard,2026-06-05,2026-07-02,74,High,81200.0,S. Kim,2026-06-05,2026-06-09,Missing Info - RFI Sent,L. Fischer,2026-06-05,2026-06-18,Medium,No,3,Standard,FDA,New Quote,No,4,A. Brooks,2026-06-18,2026-06-22,No,0.0,50122.83,30.5,72119.18,27,VP Sales - K. Reyes,2026-06-22,2026-06-24,0,9,Low,0.453,2026-06-25,Yes,False,2026-07-15,Won,,72119.18,Closed - Won
Task,RFQ-2674,RFQ-2674 - Commercial RFQ (Medium complexity),Commercial,Standard,2026-06-05,2026-07-09,97,High,150000.0,T. Nguyen,2026-06-05,2026-06-08,Complete,L. Fischer,2026-06-05,2026-06-17,Medium,No,3,Standard,None,Repeat Quote,Yes,9,P. Singh,2026-06-17,2026-06-18,No,0.0,91786.31,32.8,136586.77,33,Director Ops - W. Turner,2026-06-18,2026-06-22,0,9,Low,0.844,2026-06-23,Yes,False,2026-07-09,Won,,136586.77,Closed - Won
Task,RFQ-2675,RFQ-2675 - Aerospace RFQ (Medium complexity),Aerospace,Standard,2026-06-05,2026-07-01,23,Low,3800.0,S. Kim,2026-06-05,2026-06-09,Complete,D. Ortiz,2026-06-05,2026-06-10,Medium,No,4,Standard,AS9100,Repeat Quote,Yes,8,A. Brooks,2026-06-10,2026-06-11,No,0.0,2690.33,23.6,3521.37,25,VP Sales - K. Reyes,2026-06-11,2026-06-12,0,9,Low,0.615,2026-06-15,Yes,False,2026-06-24,Won,,3521.37,Closed - Won
Task,RFQ-2676,RFQ-2676 - Commercial RFQ (Medium complexity),Commercial,Standard,2026-06-05,2026-07-02,77,High,126200.0,T. Nguyen,2026-06-05,2026-06-08,Missing Info - RFI Sent,D. Ortiz,2026-06-05,2026-06-17,Medium,No,6,Standard,ISO9001,New Quote,No,8,C. Diaz,2026-06-17,2026-07-07,Yes,10.7,69820.33,35.5,108248.57,26,VP Sales - K. Reyes,2026-07-07,2026-07-14,1,70,High,0.147,2026-07-15,No,False,,,,,Submitted - Awaiting Decision
Task,RFQ-2677,RFQ-2677 - Aerospace RFQ (High complexity),Aerospace,Standard,2026-06-08,2026-07-16,41,Medium,70400.0,T. Nguyen,2026-06-08,2026-06-09,Complete,L. Fischer,2026-06-08,2026-06-15,High,No,6,Ultra-Tight,None,Revision Quote,No,6,P. Singh,2026-06-15,2026-06-19,No,0.0,51922.89,22.8,67257.63,39,Director Ops - W. Turner,2026-06-19,2026-06-25,1,50,Medium,0.341,2026-06-26,Yes,False,2026-07-07,Loss,Price - Lost to Competitor,,Closed - Loss
Task,RFQ-2678,RFQ-2678 - Aerospace RFQ (Medium complexity),Aerospace,Strategic,2026-06-08,2026-06-30,100,High,43400.0,T. Nguyen,2026-06-08,2026-06-10,Complete,D. Ortiz,2026-06-08,2026-06-12,Medium,No,4,Standard,None,New Quote,No,5,P. Singh,2026-06-12,2026-06-16,No,0.0,31048.43,29.2,43853.71,22,VP Sales - K. Reyes,2026-06-16,2026-06-19,1,35,Medium,0.298,2026-06-22,Yes,False,2026-06-30,Loss,Price - Lost to Competitor,,Closed - Loss
Task,RFQ-2679,RFQ-2679 - Aerospace RFQ (High complexity),Aerospace,Standard,2026-06-08,2026-07-23,51,Medium,84400.0,T. Nguyen,2026-06-08,2026-06-09,Complete,D. Ortiz,2026-06-08,2026-06-18,High,No,2,Ultra-Tight,AS9100,New Quote,No,4,C. Diaz,2026-06-18,2026-06-24,No,0.0,47098.26,26.7,64254.11,46,VP Sales - K. Reyes,2026-06-24,2026-06-26,0,36,Medium,0.042,2026-06-29,Yes,False,2026-07-20,Loss,Price - Lost to Competitor,,Closed - Loss
Task,RFQ-2680,RFQ-2680 - Commercial RFQ (Low complexity),Commercial,Opportunistic,2026-06-08,2026-06-19,45,Medium,59900.0,S. Kim,2026-06-08,2026-06-10,Missing Info - RFI Sent,L. Fischer,2026-06-08,2026-06-11,Low,No,2,Standard,None,New Quote,No,5,P. Singh,2026-06-11,2026-06-19,Yes,4.8,34087.33,35.6,52930.64,12,Director Ops - W. Turner,2026-06-19,2026-06-25,1,37,Medium,0.369,2026-06-26,No,True,2026-07-17,Won,,52930.64,Closed - Won
Task,RFQ-2681,RFQ-2681 - Aerospace RFQ (High complexity),Aerospace,Opportunistic,2026-06-08,2026-07-16,56,Medium,59800.0,T. Nguyen,2026-06-08,2026-06-09,Missing Info - RFI Sent,L. Fischer,2026-06-08,2026-06-15,High,Yes,6,Ultra-Tight,None,Repeat Quote,No,5,P. Singh,2026-06-15,2026-06-24,Yes,4.1,42480.81,22.2,54602.58,39,VP Sales - K. Reyes,2026-06-24,2026-07-06,3,61,High,0.397,2026-07-07,Yes,False,2026-07-16,Won,,54602.58,Closed - Won
Task,RFQ-2684,RFQ-2684 - Medical RFQ (Low complexity),Medical,Standard,2026-06-09,2026-06-26,53,Medium,35100.0,T. Nguyen,2026-06-09,2026-06-11,Complete,L. Fischer,2026-06-09,2026-06-15,Low,Yes,4,Standard,FDA,New Quote,No,7,C. Diaz,2026-06-15,2026-06-23,Yes,3.7,22783.35,23.4,29743.28,18,VP Sales - K. Reyes,2026-06-23,2026-06-24,0,0,Low,0.275,2026-06-25,Yes,False,2026-07-10,Loss,Lead Time Too Long,,Closed - Loss
Task,RFQ-2683,RFQ-2683 - Defense RFQ (High complexity),Defense,Strategic,2026-06-09,2026-07-22,100,High,24200.0,S. Kim,2026-06-09,2026-06-10,Missing Info - RFI Sent,D. Ortiz,2026-06-09,2026-06-18,High,No,9,Tight,AS9100,Revision Quote,Yes,15,C. Diaz,2026-06-18,2026-06-30,Yes,5.3,13802.64,16.9,16609.68,44,VP Sales - K. Reyes,2026-06-30,2026-07-01,0,33,Medium,0.449,2026-07-02,Yes,False,2026-07-17,Loss,Price - Lost to Competitor,,Closed - Loss
Task,RFQ-2682,RFQ-2682 - Defense RFQ (High complexity),Defense,Standard,2026-06-09,2026-07-28,54,Medium,12500.0,T. Nguyen,2026-06-09,2026-06-11,Complete,D. Ortiz,2026-06-09,2026-06-23,High,No,2,Ultra-Tight,AS9100+ITAR,New Quote,No,3,P. Singh,2026-06-23,2026-06-30,No,0.0,8208.4,28.6,11496.36,49,VP Sales - K. Reyes,2026-06-30,2026-07-02,1,42,Medium,0.029,2026-07-03,Yes,False,2026-07-10,Loss,Lead Time Too Long,,Closed - Loss
Task,RFQ-2685,RFQ-2685 - Defense RFQ (High complexity),Defense,Standard,2026-06-10,2026-07-29,49,Medium,24400.0,S. Kim,2026-06-10,2026-06-12,Complete,D. Ortiz,2026-06-10,2026-06-19,High,No,6,Ultra-Tight,AS9100,Repeat Quote,No,9,A. Brooks,2026-06-19,2026-06-24,Yes,0.7,13784.93,12.4,15736.22,49,VP Sales - K. Reyes,2026-06-24,2026-06-29,1,46,Medium,0.604,2026-06-30,Yes,False,2026-07-14,Loss,Customer Program Cancelled,,Closed - Loss
Task,RFQ-2686,RFQ-2686 - Commercial RFQ (Medium complexity),Commercial,Standard,2026-06-10,2026-07-09,31,Low,13800.0,S. Kim,2026-06-10,2026-06-12,Complete,D. Ortiz,2026-06-10,2026-06-22,Medium,No,2,Tight,ISO9001,New Quote,No,1,C. Diaz,2026-06-22,2026-06-25,No,0.0,8015.57,31.2,11650.54,30,VP Sales - K. Reyes,2026-06-25,2026-07-03,2,41,Medium,0.351,2026-07-06,Yes,False,2026-07-10,Loss,Price - Lost to Competitor,,Closed - Loss
Task,RFQ-2687,RFQ-2687 - Aerospace RFQ (Medium complexity),Aerospace,Standard,2026-06-10,2026-07-14,47,Medium,9600.0,S. Kim,2026-06-10,2026-06-12,Complete,D. Ortiz,2026-06-10,2026-06-23,Medium,No,3,Tight,None,New Quote,Yes,6,A. Brooks,2026-06-23,2026-06-26,No,0.0,6800.35,39.3,11203.21,34,VP Sales - K. Reyes,2026-06-26,2026-06-30,1,28,Low,0.415,2026-07-01,Yes,False,2026-07-07,Won,,11203.21,Closed - Won
Task,RFQ-2688,RFQ-2688 - Defense RFQ (High complexity),Defense,Opportunistic,2026-06-10,2026-07-29,42,Medium,5900.0,T. Nguyen,2026-06-10,2026-06-12,Complete,L. Fischer,2026-06-10,2026-06-22,High,No,6,Ultra-Tight,ITAR,Revision Quote,No,13,C. Diaz,2026-06-22,2026-06-26,No,0.0,3245.76,21.3,4124.22,49,VP Sales - K. Reyes,2026-06-26,2026-07-01,1,43,Medium,0.384,2026-07-02,Yes,False,2026-07-22,Loss,Technical Fit,,Closed - Loss
Task,RFQ-2689,RFQ-2689 - Medical RFQ (High complexity),Medical,Opportunistic,2026-06-10,2026-07-27,40,Medium,87600.0,T. Nguyen,2026-06-10,2026-06-12,Complete,D. Ortiz,2026-06-10,2026-06-25,High,No,5,Tight,FDA,Revision Quote,Yes,5,A. Brooks,2026-06-25,2026-07-02,Yes,1.8,53498.77,20.6,67378.8,46,Director Ops - W. Turner,2026-07-02,2026-07-09,2,39,Medium,0.298,2026-07-10,Yes,False,2026-07-27,Loss,Price - Lost to Competitor,,Closed - Loss
Task,RFQ-2690,RFQ-2690 - Medical RFQ (High complexity),Medical,Opportunistic,2026-06-11,2026-07-20,24,Low,29300.0,S. Kim,2026-06-11,2026-06-15,Complete,D. Ortiz,2026-06-11,2026-06-26,High,No,4,Tight,ISO13485+FDA,Revision Quote,No,11,P. Singh,2026-06-26,2026-07-02,No,0.0,20602.23,25.6,27691.17,38,VP Sales - K. Reyes,2026-07-02,2026-07-03,0,35,Medium,0.407,2026-07-06,Yes,False,2026-07-13,Loss,Price - Lost to Competitor,,Closed - Loss
Task,RFQ-2691,RFQ-2691 - Medical RFQ (Medium complexity),Medical,Standard,2026-06-11,2026-07-15,50,Medium,65600.0,T. Nguyen,2026-06-11,2026-06-12,Complete,D. Ortiz,2026-06-11,2026-06-24,Medium,No,3,Ultra-Tight,FDA,Revision Quote,No,4,A. Brooks,2026-06-24,2026-06-25,No,0.0,44149.12,27.3,60727.81,33,Director Ops - W. Turner,2026-06-25,2026-07-01,1,27,Low,0.305,2026-07-02,Yes,False,2026-07-17,Won,,60727.81,Closed - Won
Task,RFQ-2692,RFQ-2692 - Commercial RFQ (Medium complexity),Commercial,Opportunistic,2026-06-11,2026-07-09,33,Low,61300.0,S. Kim,2026-06-11,2026-06-12,Complete,D. Ortiz,2026-06-11,2026-06-25,Medium,No,6,Standard,None,Revision Quote,No,8,P. Singh,2026-06-25,2026-06-29,No,0.0,36291.96,30.9,52520.93,28,VP Sales - K. Reyes,2026-06-29,2026-07-01,0,17,Low,0.359,2026-07-02,Yes,False,2026-07-17,Won,,52520.93,Closed - Won
Task,RFQ-2693,RFQ-2693 - Medical RFQ (High complexity),Medical,Opportunistic,2026-06-12,2026-07-28,39,Low,54400.0,S. Kim,2026-06-12,2026-06-16,Complete,L. Fischer,2026-06-12,2026-06-26,High,Yes,4,Standard,ISO13485,New Quote,No,7,P. Singh,2026-06-26,2026-07-17,Yes,10.8,36612.68,22.4,47181.29,45,VP Sales - K. Reyes,2026-07-17,2026-07-21,1,46,Medium,0.301,2026-07-22,Yes,False,2026-07-28,Won,,47181.29,Closed - Won
Task,RFQ-2698,RFQ-2698 - Commercial RFQ (Medium complexity),Commercial,Strategic,2026-06-15,2026-07-13,71,High,12200.0,S. Kim,2026-06-15,2026-06-16,Missing Info - RFI Sent,D. Ortiz,2026-06-15,2026-06-22,Medium,No,4,Standard,ISO9001,New Quote,No,4,A. Brooks,2026-06-22,2026-06-25,No,0.0,7841.25,27.0,10741.44,28,VP Sales - K. Reyes,2026-06-25,2026-07-03,2,34,Medium,0.23,2026-07-06,Yes,False,2026-07-29,Loss,Lead Time Too Long,,Closed - Loss
Task,RFQ-2696,RFQ-2696 - Commercial RFQ (Low complexity),Commercial,Opportunistic,2026-06-15,2026-06-30,44,Medium,62100.0,T. Nguyen,2026-06-15,2026-06-17,Complete,L. Fischer,2026-06-15,2026-06-16,Low,Yes,2,Standard,ISO9001,Repeat Quote,Yes,2,P. Singh,2026-06-17,2026-06-19,Yes,0.5,34405.19,30.7,49646.74,16,VP Sales - K. Reyes,2026-06-19,2026-06-24,1,22,Low,0.565,2026-06-25,Yes,False,2026-07-14,Won,,49646.74,Closed - Won
Task,RFQ-2697,RFQ-2697 - Aerospace RFQ (High complexity),Aerospace,Standard,2026-06-15,2026-07-29,69,High,30900.0,S. Kim,2026-06-15,2026-06-17,Complete,L. Fischer,2026-06-15,2026-06-19,High,No,7,Tight,AS9100,Repeat Quote,No,12,P. Singh,2026-06-19,2026-06-25,Yes,1.1,18711.17,25.5,25115.66,45,VP Sales - K. Reyes,2026-06-25,2026-06-26,0,37,Medium,0.637,2026-06-29,Yes,False,2026-07-16,Won,,25115.66,Closed - Won
Task,RFQ-2694,RFQ-2694 - Aerospace RFQ (High complexity),Aerospace,Strategic,2026-06-15,2026-07-22,98,High,25500.0,S. Kim,2026-06-15,2026-06-16,Complete,D. Ortiz,2026-06-15,2026-06-19,High,No,6,Standard,AS9100,Repeat Quote,No,24,P. Singh,2026-06-19,2026-06-26,Yes,2.7,14484.7,16.6,17367.75,38,VP Sales - K. Reyes,2026-06-26,2026-06-29,0,33,Medium,0.427,2026-06-30,Yes,False,2026-07-20,Loss,Technical Fit,,Closed - Loss
Task,RFQ-2695,RFQ-2695 - Commercial RFQ (Low complexity),Commercial,Standard,2026-06-15,2026-06-30,50,Medium,62900.0,T. Nguyen,2026-06-15,2026-06-17,Complete,D. Ortiz,2026-06-15,2026-06-17,Low,No,2,Tight,None,New Quote,No,2,P. Singh,2026-06-17,2026-06-19,No,0.0,44883.12,30.6,64673.08,15,VP Sales - K. Reyes,2026-06-19,2026-06-25,1,14,Low,0.492,2026-06-26,Yes,False,2026-07-10,Loss,Price - Lost to Competitor,,Closed - Loss
Task,RFQ-2699,RFQ-2699 - Medical RFQ (Medium complexity),Medical,Standard,2026-06-16,2026-07-13,55,Medium,34300.0,S. Kim,2026-06-16,2026-06-17,Complete,D. Ortiz,2026-06-16,2026-06-23,Medium,No,3,Standard,FDA,Revision Quote,No,9,C. Diaz,2026-06-23,2026-06-24,No,0.0,21238.57,26.9,29054.13,26,VP Sales - K. Reyes,2026-06-24,2026-06-25,0,17,Low,0.592,2026-06-26,Yes,False,2026-07-02,Won,,29054.13,Closed - Won
Task,RFQ-2700,RFQ-2700 - Commercial RFQ (Low complexity),Commercial,Standard,2026-06-16,2026-07-06,50,Medium,61800.0,S. Kim,2026-06-16,2026-06-18,Complete,D. Ortiz,2026-06-16,2026-06-19,Low,Yes,1,Standard,ISO9001,New Quote,Yes,3,C. Diaz,2026-06-19,2026-06-22,No,0.0,39248.22,20.7,49493.34,19,VP Sales - K. Reyes,2026-06-22,2026-06-24,1,1,Low,0.625,2026-06-25,Yes,False,2026-07-17,Won,,49493.34,Closed - Won
Task,RFQ-2701,RFQ-2701 - Defense RFQ (Medium complexity),Defense,Standard,2026-06-16,2026-07-13,54,Medium,110400.0,S. Kim,2026-06-16,2026-06-18,Complete,D. Ortiz,2026-06-16,2026-06-25,Medium,Yes,4,Standard,ITAR,New Quote,No,5,P. Singh,2026-06-25,2026-06-29,No,0.0,68935.49,21.7,88040.22,26,VP Sales - K. Reyes,2026-06-29,2026-07-01,0,29,Low,0.564,2026-07-02,Yes,False,2026-07-10,Won,,88040.22,Closed - Won
Task,RFQ-2702,RFQ-2702 - Defense RFQ (Medium complexity),Defense,Strategic,2026-06-16,2026-07-08,42,Medium,11100.0,S. Kim,2026-06-16,2026-06-18,Complete,D. Ortiz,2026-06-16,2026-06-26,Medium,No,2,Tight,AS9100+ITAR,New Quote,No,3,C. Diaz,2026-06-26,2026-06-30,No,0.0,7359.63,32.0,10822.99,22,VP Sales - K. Reyes,2026-06-30,2026-07-01,0,21,Low,0.413,2026-07-02,Yes,False,2026-07-27,Won,,10822.99,Closed - Won
Task,RFQ-2703,RFQ-2703 - Medical RFQ (High complexity),Medical,Standard,2026-06-16,2026-07-31,44,Medium,6000.0,S. Kim,2026-06-16,2026-06-18,Complete,D. Ortiz,2026-06-16,2026-06-30,High,No,7,Tight,ISO13485,Repeat Quote,Yes,12,P. Singh,2026-06-30,2026-07-03,Yes,1.1,4260.09,16.0,5071.54,46,VP Sales - K. Reyes,2026-07-03,2026-07-06,0,17,Low,0.582,2026-07-07,Yes,False,2026-07-27,Loss,No Bid Decision,,Closed - Loss
Task,RFQ-2704,RFQ-2704 - Aerospace RFQ (Medium complexity),Aerospace,Standard,2026-06-16,2026-07-08,65,High,19500.0,T. Nguyen,2026-06-16,2026-06-18,Complete,D. Ortiz,2026-06-16,2026-06-26,Medium,No,4,Tight,None,Repeat Quote,Yes,7,P. Singh,2026-06-26,2026-07-03,Yes,3.8,13150.01,36.6,20741.34,22,VP Sales - K. Reyes,2026-07-03,2026-07-09,2,42,Medium,0.676,2026-07-10,No,False,2026-07-29,Loss,Technical Fit,,Closed - Loss
Task,RFQ-2705,RFQ-2705 - Medical RFQ (High complexity),Medical,Standard,2026-06-16,2026-07-22,57,Medium,31700.0,S. Kim,2026-06-16,2026-06-18,Complete,D. Ortiz,2026-06-16,2026-07-02,High,No,6,Tight,ISO13485,Revision Quote,Yes,15,C. Diaz,2026-07-02,2026-07-13,Yes,3.6,19053.02,24.4,25202.41,36,VP Sales - K. Reyes,2026-07-13,2026-07-14,0,36,Medium,0.381,2026-07-15,Yes,False,,,,,Submitted - Awaiting Decision
Task,RFQ-2706,RFQ-2706 - Medical RFQ (Medium complexity),Medical,Strategic,2026-06-16,2026-07-16,99,High,31400.0,T. Nguyen,2026-06-16,2026-06-18,Complete,L. Fischer,2026-06-16,2026-06-19,Medium,No,3,Standard,FDA,New Quote,No,2,C. Diaz,2026-06-19,2026-06-24,No,0.0,23461.16,28.5,32812.81,31,VP Sales - K. Reyes,2026-06-24,2026-07-01,2,34,Medium,0.385,2026-07-02,Yes,False,2026-07-16,Loss,Price - Lost to Competitor,,Closed - Loss
Task,RFQ-2713,RFQ-2713 - Aerospace RFQ (Medium complexity),Aerospace,Standard,2026-06-17,2026-07-20,53,Medium,63100.0,T. Nguyen,2026-06-17,2026-06-19,Complete,D. Ortiz,2026-06-17,2026-07-02,Medium,No,6,Standard,AS9100,Repeat Quote,Yes,5,P. Singh,2026-07-02,2026-07-03,Yes,0.5,38593.56,30.8,55771.04,32,Director Ops - W. Turner,2026-07-03,2026-07-07,0,5,Low,0.773,2026-07-08,Yes,False,2026-07-20,Won,,55771.04,Closed - Won
Task,RFQ-2715,RFQ-2715 - Commercial RFQ (Medium complexity),Commercial,Standard,2026-06-17,2026-07-08,39,Low,15800.0,S. Kim,2026-06-17,2026-06-19,Complete,L. Fischer,2026-06-17,2026-06-30,Medium,No,4,Tight,None,New Quote,Yes,7,P. Singh,2026-06-30,2026-07-09,Yes,5.1,9283.18,27.5,12804.39,21,VP Sales - K. Reyes,2026-07-09,2026-07-14,1,48,Medium,0.299,2026-07-15,No,False,2026-07-27,Loss,Price - Lost to Competitor,,Closed - Loss
Task,RFQ-2714,RFQ-2714 - Aerospace RFQ (High complexity),Aerospace,Standard,2026-06-17,2026-08-04,57,Medium,77600.0,S. Kim,2026-06-17,2026-06-18,Missing Info - RFI Sent,L. Fischer,2026-06-17,2026-07-06,High,Yes,6,Tight,None,New Quote,No,8,A. Brooks,2026-07-06,2026-07-09,No,0.0,46334.57,24.7,61533.29,48,VP Sales - K. Reyes,2026-07-09,2026-07-15,1,27,Low,0.212,2026-07-16,Yes,False,,,,,Submitted - Awaiting Decision
Task,RFQ-2712,RFQ-2712 - Commercial RFQ (Medium complexity),Commercial,Strategic,2026-06-17,2026-07-09,87,High,3700.0,S. Kim,2026-06-17,2026-06-19,Complete,D. Ortiz,2026-06-17,2026-07-03,Medium,No,2,Tight,ISO9001,Revision Quote,Yes,3,P. Singh,2026-07-03,2026-07-07,No,0.0,2518.51,18.6,3093.99,23,VP Sales - K. Reyes,2026-07-07,2026-07-08,0,15,Low,0.39,2026-07-09,Yes,False,2026-07-28,Loss,Price - Lost to Competitor,,Closed - Loss
Task,RFQ-2707,RFQ-2707 - Aerospace RFQ (High complexity),Aerospace,Strategic,2026-06-17,2026-07-23,89,High,136200.0,S. Kim,2026-06-17,2026-06-18,Complete,L. Fischer,2026-06-17,2026-06-25,High,No,5,Tight,AS9100,Repeat Quote,Yes,6,P. Singh,2026-06-25,2026-07-06,Yes,4.3,90370.07,17.6,109672.42,36,Director Ops - W. Turner,2026-07-06,2026-07-08,0,32,Medium,0.392,2026-07-09,Yes,False,2026-07-29,Won,,109672.42,Closed - Won
Task,RFQ-2710,RFQ-2710 - Commercial RFQ (Medium complexity),Commercial,Standard,2026-06-17,2026-07-13,72,High,107900.0,S. Kim,2026-06-17,2026-06-19,Complete,L. Fischer,2026-06-17,2026-06-25,Medium,No,4,Standard,None,Repeat Quote,Yes,7,C. Diaz,2026-06-25,2026-06-29,Yes,0.6,60613.93,39.7,100520.61,25,Director Ops - W. Turner,2026-06-29,2026-07-06,2,40,Medium,0.496,2026-07-07,Yes,False,2026-07-13,Won,,100520.61,Closed - Won
Task,RFQ-2709,RFQ-2709 - Medical RFQ (High complexity),Medical,Standard,2026-06-17,2026-07-23,66,High,107400.0,T. Nguyen,2026-06-17,2026-06-18,Complete,L. Fischer,2026-06-17,2026-07-02,High,Yes,8,Ultra-Tight,ISO13485+FDA,New Quote,Yes,10,A. Brooks,2026-07-02,2026-07-08,No,0.0,80427.11,28.0,111704.32,37,VP Sales - K. Reyes,2026-07-08,2026-07-10,0,40,Medium,0.374,2026-07-13,Yes,False,2026-07-21,Loss,Lead Time Too Long,,Closed - Loss
Task,RFQ-2708,RFQ-2708 - Aerospace RFQ (Low complexity),Aerospace,Opportunistic,2026-06-17,2026-07-02,25,Low,130400.0,S. Kim,2026-06-17,2026-06-19,Complete,D. Ortiz,2026-06-17,2026-06-26,Low,Yes,5,Standard,None,Repeat Quote,No,6,A. Brooks,2026-06-26,2026-07-01,Yes,2.8,75627.64,24.6,100301.91,16,Director Ops - W. Turner,2026-07-01,2026-07-08,2,52,Medium,0.438,2026-07-09,No,True,2026-07-24,Loss,Price - Lost to Competitor,,Closed - Loss
Task,RFQ-2711,RFQ-2711 - Aerospace RFQ (High complexity),Aerospace,Strategic,2026-06-17,2026-08-05,84,High,24600.0,S. Kim,2026-06-17,2026-06-19,Missing Info - RFI Sent,L. Fischer,2026-06-17,2026-07-02,High,No,4,Tight,AS9100,New Quote,No,7,A. Brooks,2026-07-02,2026-07-08,No,0.0,16774.58,28.7,23526.76,49,VP Sales - K. Reyes,2026-07-08,2026-07-09,0,24,Low,0.108,2026-07-10,Yes,False,2026-07-30,Loss,Price - Lost to Competitor,,Closed - Loss
Task,RFQ-2724,RFQ-2724 - Aerospace RFQ (High complexity),Aerospace,Strategic,2026-06-18,2026-08-05,90,High,36600.0,T. Nguyen,2026-06-18,2026-06-22,Complete,D. Ortiz,2026-06-18,2026-07-15,High,No,6,Tight,None,Revision Quote,No,10,A. Brooks,2026-07-15,2026-07-20,No,0.0,21439.73,25.3,28701.11,47,VP Sales - K. Reyes,2026-07-20,2026-07-27,2,42,Medium,0.612,2026-07-28,Yes,False,,,,,Submitted - Awaiting Decision
Task,RFQ-2722,RFQ-2722 - Defense RFQ (High complexity),Defense,Opportunistic,2026-06-18,2026-07-27,54,Medium,22300.0,S. Kim,2026-06-18,2026-06-19,Complete,L. Fischer,2026-06-18,2026-07-07,High,Yes,6,Tight,AS9100,Revision Quote,No,6,P. Singh,2026-07-07,2026-07-15,Yes,4.1,14417.12,15.7,17102.16,38,VP Sales - K. Reyes,2026-07-15,2026-07-16,0,25,Low,0.447,2026-07-17,Yes,False,,,,,Submitted - Awaiting Decision
Task,RFQ-2721,RFQ-2721 - Defense RFQ (High complexity),Defense,Standard,2026-06-18,2026-08-05,85,High,77900.0,T. Nguyen,2026-06-18,2026-06-19,Complete,D. Ortiz,2026-06-18,2026-07-10,High,Yes,9,Tight,AS9100+ITAR,Repeat Quote,No,11,P. Singh,2026-07-10,2026-07-14,No,0.0,51677.76,29.1,72888.24,47,VP Sales - K. Reyes,2026-07-14,2026-07-20,1,39,Medium,0.421,2026-07-21,Yes,False,,,,,Submitted - Awaiting Decision
Task,RFQ-2720,RFQ-2720 - Defense RFQ (High complexity),Defense,Standard,2026-06-18,2026-07-28,72,High,55100.0,T. Nguyen,2026-06-18,2026-06-22,Missing Info - RFI Sent,D. Ortiz,2026-06-18,2026-07-10,High,Yes,4,Tight,AS9100+ITAR,Revision Quote,Yes,6,P. Singh,2026-07-10,2026-07-20,Yes,3.0,31872.96,5.0,33550.48,39,VP Sales - K. Reyes,2026-07-20,2026-07-21,0,33,Medium,0.569,2026-07-22,Yes,False,,,,,Submitted - Awaiting Decision
Task,RFQ-2723,RFQ-2723 - Commercial RFQ (Low complexity),Commercial,Standard,2026-06-18,2026-07-02,49,Medium,38700.0,T. Nguyen,2026-06-18,2026-06-19,Complete,D. Ortiz,2026-06-18,2026-07-07,Low,No,3,Standard,None,Repeat Quote,No,1,P. Singh,2026-07-07,2026-07-08,No,0.0,25815.3,32.8,38415.62,14,VP Sales - K. Reyes,2026-07-08,2026-07-14,2,52,Medium,0.733,2026-07-15,No,True,,,,,Submitted - Awaiting Decision
Task,RFQ-2718,RFQ-2718 - Medical RFQ (Medium complexity),Medical,Strategic,2026-06-18,2026-07-13,82,High,14100.0,T. Nguyen,2026-06-18,2026-06-19,Missing Info - RFI Sent,D. Ortiz,2026-06-18,2026-07-06,Medium,No,2,Tight,FDA,Revision Quote,No,7,C. Diaz,2026-07-06,2026-07-07,No,0.0,10357.9,15.1,12200.12,24,VP Sales - K. Reyes,2026-07-07,2026-07-10,1,13,Low,0.596,2026-07-13,Yes,False,2026-07-31,Loss,Customer Program Cancelled,,Closed - Loss
Task,RFQ-2717,RFQ-2717 - Commercial RFQ (Low complexity),Commercial,Standard,2026-06-18,2026-07-01,37,Low,29100.0,S. Kim,2026-06-18,2026-06-19,Complete,L. Fischer,2026-06-18,2026-07-01,Low,No,1,Tight,ISO9001,New Quote,No,1,C. Diaz,2026-07-01,2026-07-03,No,0.0,19849.6,27.7,27454.5,13,VP Sales - K. Reyes,2026-07-03,2026-07-08,1,47,Medium,0.528,2026-07-09,No,False,2026-07-15,Loss,Price - Lost to Competitor,,Closed - Loss
Task,RFQ-2716,RFQ-2716 - Commercial RFQ (Low complexity),Commercial,Strategic,2026-06-18,2026-07-08,58,Medium,42300.0,T. Nguyen,2026-06-18,2026-06-22,Complete,L. Fischer,2026-06-18,2026-06-30,Low,Yes,1,Standard,ISO9001,Revision Quote,No,4,A. Brooks,2026-06-30,2026-07-01,No,0.0,26362.25,33.1,39405.46,19,VP Sales - K. Reyes,2026-07-01,2026-07-02,0,0,Low,0.561,2026-07-03,Yes,False,2026-07-23,Won,,39405.46,Closed - Won
Task,RFQ-2719,RFQ-2719 - Defense RFQ (High complexity),Defense,Standard,2026-06-18,2026-07-31,59,Medium,32100.0,S. Kim,2026-06-18,2026-06-19,Complete,L. Fischer,2026-06-18,2026-07-10,High,Yes,4,Ultra-Tight,AS9100,New Quote,No,8,A. Brooks,2026-07-10,2026-07-17,No,0.0,18783.96,32.8,27952.32,43,VP Sales - K. Reyes,2026-07-17,2026-07-20,0,22,Low,0.062,2026-07-21,Yes,False,2026-07-29,Loss,Price - Lost to Competitor,,Closed - Loss
Task,RFQ-2725,RFQ-2725 - Medical RFQ (Low complexity),Medical,Strategic,2026-06-19,2026-07-09,81,High,14000.0,S. Kim,2026-06-19,2026-06-22,Complete,L. Fischer,2026-06-19,2026-07-06,Low,No,1,Standard,ISO13485+FDA,Revision Quote,No,2,P. Singh,2026-07-06,2026-07-07,No,0.0,7942.89,33.4,11926.26,20,VP Sales - K. Reyes,2026-07-07,2026-07-08,0,2,Low,0.499,2026-07-09,Yes,False,2026-07-16,Won,,11926.26,Closed - Won
Task,RFQ-2726,RFQ-2726 - Commercial RFQ (Medium complexity),Commercial,Standard,2026-06-19,2026-07-10,59,Medium,21000.0,S. Kim,2026-06-19,2026-06-23,Complete,L. Fischer,2026-06-19,2026-07-10,Medium,No,1,Standard,ISO9001,New Quote,No,3,C. Diaz,2026-07-10,2026-07-28,Yes,9.2,12979.26,22.1,16661.44,21,VP Sales - K. Reyes,2026-07-28,2026-07-29,0,92,High,0.679,2026-07-30,No,True,,,,,Submitted - Awaiting Decision
Task,RFQ-2727,RFQ-2727 - Aerospace RFQ (Medium complexity),Aerospace,Standard,2026-06-19,2026-07-23,56,Medium,77800.0,T. Nguyen,2026-06-19,2026-06-22,Complete,D. Ortiz,2026-06-19,2026-07-13,Medium,No,7,Standard,AS9100,Repeat Quote,No,9,P. Singh,2026-07-13,2026-07-14,No,0.0,46152.7,39.9,76793.18,33,VP Sales - K. Reyes,2026-07-14,2026-07-16,0,15,Low,0.684,2026-07-17,Yes,False,,,,,Submitted - Awaiting Decision
Task,RFQ-2728,RFQ-2728 - Aerospace RFQ (Medium complexity),Aerospace,Standard,2026-06-19,2026-07-13,40,Medium,5900.0,T. Nguyen,2026-06-19,2026-06-23,Complete,L. Fischer,2026-06-19,2026-07-09,Medium,No,5,Tight,AS9100,Repeat Quote,No,10,P. Singh,2026-07-09,2026-07-10,No,0.0,3682.13,33.4,5528.72,23,VP Sales - K. Reyes,2026-07-10,2026-07-13,0,15,Low,0.384,2026-07-14,No,False,,,,,Submitted - Awaiting Decision
Task,RFQ-2733,RFQ-2733 - Defense RFQ (High complexity),Defense,Standard,2026-06-22,2026-08-06,53,Medium,49800.0,T. Nguyen,2026-06-22,2026-06-23,Complete,L. Fischer,2026-06-22,2026-07-02,High,Yes,4,Tight,AS9100,Revision Quote,No,4,P. Singh,2026-07-02,2026-07-07,No,0.0,35706.05,19.4,44300.31,46,VP Sales - K. Reyes,2026-07-07,2026-07-13,2,56,Medium,0.267,2026-07-14,Yes,False,2026-07-28,Won,,44300.31,Closed - Won
Task,RFQ-2729,RFQ-2729 - Aerospace RFQ (Medium complexity),Aerospace,Opportunistic,2026-06-22,2026-07-21,23,Low,42700.0,T. Nguyen,2026-06-22,2026-06-24,Complete,L. Fischer,2026-06-22,2026-06-26,Medium,No,5,Tight,AS9100,New Quote,No,4,A. Brooks,2026-06-26,2026-06-30,No,0.0,29146.4,29.6,41401.14,29,VP Sales - K. Reyes,2026-06-30,2026-07-01,0,12,Low,0.447,2026-07-02,Yes,False,2026-07-10,Won,,41401.14,Closed - Won
Task,RFQ-2730,RFQ-2730 - Aerospace RFQ (Medium complexity),Aerospace,Standard,2026-06-22,2026-07-14,64,Medium,18100.0,S. Kim,2026-06-22,2026-06-24,Complete,L. Fischer,2026-06-22,2026-06-25,Medium,No,4,Tight,AS9100,Repeat Quote,No,10,C. Diaz,2026-06-25,2026-06-26,No,0.0,10826.49,26.0,14630.39,22,VP Sales - K. Reyes,2026-06-26,2026-06-29,0,4,Low,0.848,2026-06-30,Yes,False,2026-07-21,Won,,14630.39,Closed - Won
Task,RFQ-2731,RFQ-2731 - Medical RFQ (High complexity),Medical,Strategic,2026-06-22,2026-07-29,72,High,50700.0,S. Kim,2026-06-22,2026-06-23,Missing Info - RFI Sent,D. Ortiz,2026-06-22,2026-07-03,High,No,3,Ultra-Tight,ISO13485+FDA,New Quote,No,3,P. Singh,2026-07-03,2026-07-09,No,0.0,30869.43,28.8,43355.94,38,VP Sales - K. Reyes,2026-07-09,2026-07-10,0,38,Medium,0.306,2026-07-13,Yes,False,2026-07-27,Loss,Technical Fit,,Closed - Loss
Task,RFQ-2732,RFQ-2732 - Aerospace RFQ (High complexity),Aerospace,Standard,2026-06-22,2026-08-03,33,Low,43300.0,S. Kim,2026-06-22,2026-06-24,Complete,L. Fischer,2026-06-22,2026-07-01,High,Yes,4,Ultra-Tight,AS9100,Revision Quote,Yes,11,P. Singh,2026-07-01,2026-07-06,No,0.0,29116.22,21.6,37138.04,42,VP Sales - K. Reyes,2026-07-06,2026-07-13,3,63,High,0.367,2026-07-14,Yes,False,,,,,Submitted - Awaiting Decision
Task,RFQ-2735,RFQ-2735 - Medical RFQ (Medium complexity),Medical,Standard,2026-06-23,2026-07-17,81,High,68800.0,T. Nguyen,2026-06-23,2026-06-24,Complete,L. Fischer,2026-06-23,2026-07-06,Medium,No,4,Standard,ISO13485,New Quote,No,2,A. Brooks,2026-07-06,2026-07-08,No,0.0,43001.56,31.1,62411.55,25,VP Sales - K. Reyes,2026-07-08,2026-07-10,0,7,Low,0.128,2026-07-13,Yes,False,2026-07-24,Loss,Price - Lost to Competitor,,Closed - Loss
Task,RFQ-2736,RFQ-2736 - Aerospace RFQ (High complexity),Aerospace,Strategic,2026-06-23,2026-08-11,100,High,55900.0,T. Nguyen,2026-06-23,2026-06-24,Complete,D. Ortiz,2026-06-23,2026-07-03,High,No,7,Standard,None,New Quote,No,9,C. Diaz,2026-07-03,2026-07-09,No,0.0,35514.78,24.5,47039.44,49,VP Sales - K. Reyes,2026-07-09,2026-07-13,1,38,Medium,0.218,2026-07-14,Yes,False,2026-07-31,Loss,Customer Program Cancelled,,Closed - Loss
Task,RFQ-2734,RFQ-2734 - Aerospace RFQ (High complexity),Aerospace,Strategic,2026-06-23,2026-07-28,77,High,18800.0,T. Nguyen,2026-06-23,2026-06-24,Complete,L. Fischer,2026-06-23,2026-07-01,High,No,7,Tight,AS9100,Repeat Quote,No,8,P. Singh,2026-07-01,2026-07-06,No,0.0,13596.8,20.7,17146.03,35,VP Sales - K. Reyes,2026-07-06,2026-07-07,0,13,Low,0.521,2026-07-08,Yes,False,2026-07-28,Loss,Customer Program Cancelled,,Closed - Loss
Task,RFQ-2737,RFQ-2737 - Medical RFQ (High complexity),Medical,Standard,2026-06-24,2026-08-11,45,Medium,42600.0,T. Nguyen,2026-06-24,2026-06-26,Complete,D. Ortiz,2026-06-24,2026-07-06,High,No,9,Tight,ISO13485+FDA,New Quote,No,11,P. Singh,2026-07-06,2026-07-10,No,0.0,28401.37,16.3,33932.34,47,VP Sales - K. Reyes,2026-07-10,2026-07-13,0,46,Medium,0.13,2026-07-14,Yes,False,,,,,Submitted - Awaiting Decision
Task,RFQ-2738,RFQ-2738 - Commercial RFQ (Medium complexity),Commercial,Opportunistic,2026-06-25,2026-07-17,53,Medium,48800.0,T. Nguyen,2026-06-25,2026-06-26,Complete,L. Fischer,2026-06-25,2026-07-06,Medium,Yes,2,Standard,ISO9001,New Quote,Yes,4,P. Singh,2026-07-06,2026-07-17,Yes,6.5,35831.21,20.9,45298.62,22,VP Sales - K. Reyes,2026-07-17,2026-07-22,1,36,Medium,0.046,2026-07-23,No,False,,,,,Submitted - Awaiting Decision
Task,RFQ-2739,RFQ-2739 - Medical RFQ (High complexity),Medical,Standard,2026-06-25,2026-08-05,54,Medium,38000.0,T. Nguyen,2026-06-25,2026-06-29,Missing Info - RFI Sent,L. Fischer,2026-06-25,2026-07-15,High,No,2,Ultra-Tight,ISO13485+FDA,New Quote,Yes,4,A. Brooks,2026-07-15,2026-07-28,Yes,4.7,21487.22,24.0,28272.66,41,VP Sales - K. Reyes,2026-07-28,2026-08-05,2,56,Medium,0.256,2026-08-06,No,False,,,,,In Progress
Task,RFQ-2740,RFQ-2740 - Medical RFQ (High complexity),Medical,Strategic,2026-06-25,2026-08-03,66,High,58600.0,S. Kim,2026-06-25,2026-06-26,Missing Info - RFI Sent,D. Ortiz,2026-06-25,2026-07-07,High,No,5,Standard,ISO13485,Revision Quote,Yes,7,P. Singh,2026-07-07,2026-07-17,Yes,5.7,32708.59,18.0,39888.52,38,VP Sales - K. Reyes,2026-07-17,2026-07-20,0,26,Low,0.41,2026-07-21,Yes,False,2026-07-29,Won,,39888.52,Closed - Won
Task,RFQ-2741,RFQ-2741 - Aerospace RFQ (High complexity),Aerospace,Opportunistic,2026-06-25,2026-08-05,33,Low,51900.0,S. Kim,2026-06-25,2026-06-26,Missing Info - RFI Sent,L. Fischer,2026-06-25,2026-07-16,High,No,4,Ultra-Tight,None,New Quote,No,6,A. Brooks,2026-07-16,2026-07-22,No,0.0,36139.76,26.3,49036.31,41,VP Sales - K. Reyes,2026-07-22,2026-07-28,2,53,Medium,0.02,2026-07-29,Yes,False,,,,,Submitted - Awaiting Decision
Task,RFQ-2742,RFQ-2742 - Medical RFQ (High complexity),Medical,Standard,2026-06-25,2026-08-11,68,High,14000.0,T. Nguyen,2026-06-25,2026-06-29,Complete,D. Ortiz,2026-06-25,2026-07-06,High,Yes,5,Tight,ISO13485+FDA,Repeat Quote,Yes,6,C. Diaz,2026-07-06,2026-07-08,Yes,0.5,7876.2,14.9,9255.23,46,VP Sales - K. Reyes,2026-07-08,2026-07-10,1,35,Medium,0.5,2026-07-13,Yes,False,2026-07-21,Loss,Price - Lost to Competitor,,Closed - Loss
Task,RFQ-2743,RFQ-2743 - Aerospace RFQ (High complexity),Aerospace,Standard,2026-06-25,2026-08-11,62,Medium,81400.0,T. Nguyen,2026-06-25,2026-06-26,Complete,L. Fischer,2026-06-25,2026-07-15,High,No,7,Tight,AS9100,New Quote,Yes,7,C. Diaz,2026-07-15,2026-07-28,Yes,4.7,52390.43,31.2,76148.88,46,VP Sales - K. Reyes,2026-07-28,2026-08-05,3,52,Medium,0.201,2026-08-06,Yes,False,,,,,In Progress
Task,RFQ-2744,RFQ-2744 - Defense RFQ (High complexity),Defense,Standard,2026-06-25,2026-08-07,72,High,57200.0,T. Nguyen,2026-06-25,2026-06-26,Complete,L. Fischer,2026-06-25,2026-07-17,High,No,7,Ultra-Tight,AS9100+ITAR,New Quote,No,5,C. Diaz,2026-07-17,2026-07-24,No,0.0,34753.13,14.7,40742.24,44,VP Sales - K. Reyes,2026-07-24,2026-07-27,0,28,Low,0.432,2026-07-28,Yes,False,,,,,Submitted - Awaiting Decision
Task,RFQ-2745,RFQ-2745 - Medical RFQ (High complexity),Medical,Standard,2026-06-25,2026-08-07,67,High,48600.0,T. Nguyen,2026-06-25,2026-06-29,Missing Info - RFI Sent,L. Fischer,2026-06-25,2026-07-17,High,No,2,Ultra-Tight,ISO13485,New Quote,No,2,A. Brooks,2026-07-17,2026-07-23,No,0.0,34040.78,29.8,48491.14,43,VP Sales - K. Reyes,2026-07-23,2026-07-24,0,44,Medium,0.359,2026-07-27,Yes,False,,,,,Submitted - Awaiting Decision
Task,RFQ-2746,RFQ-2746 - Commercial RFQ (Low complexity),Commercial,Standard,2026-06-25,2026-07-09,43,Medium,46300.0,T. Nguyen,2026-06-25,2026-06-29,Complete,D. Ortiz,2026-06-25,2026-07-03,Low,No,4,Standard,None,Revision Quote,No,7,C. Diaz,2026-07-03,2026-07-06,No,0.0,27565.55,32.8,41020.16,14,VP Sales - K. Reyes,2026-07-06,2026-07-13,2,35,Medium,0.447,2026-07-14,No,False,2026-07-22,Won,,41020.16,Closed - Won
Task,RFQ-2748,RFQ-2748 - Defense RFQ (High complexity),Defense,Standard,2026-06-26,2026-08-03,86,High,169900.0,T. Nguyen,2026-06-26,2026-06-30,Complete,D. Ortiz,2026-06-26,2026-07-16,High,Yes,6,Standard,AS9100,New Quote,Yes,14,C. Diaz,2026-07-16,2026-07-30,Yes,5.7,111985.88,25.0,149314.51,36,VP Sales - K. Reyes,2026-07-30,2026-08-10,2,81,High,0.111,2026-08-11,No,False,,,,,In Progress
Task,RFQ-2747,RFQ-2747 - Commercial RFQ (Low complexity),Commercial,Standard,2026-06-26,2026-07-17,57,Medium,18600.0,S. Kim,2026-06-26,2026-06-30,Complete,D. Ortiz,2026-06-26,2026-07-06,Low,No,2,Standard,None,New Quote,Yes,2,P. Singh,2026-07-06,2026-07-08,No,0.0,12546.5,35.8,19542.83,21,VP Sales - K. Reyes,2026-07-08,2026-07-09,0,1,Low,0.653,2026-07-10,Yes,False,2026-07-27,Won,,19542.83,Closed - Won
Task,RFQ-2749,RFQ-2749 - Medical RFQ (Medium complexity),Medical,Strategic,2026-06-29,2026-07-30,84,High,33700.0,S. Kim,2026-06-29,2026-06-30,Complete,L. Fischer,2026-06-29,2026-07-02,Medium,No,2,Tight,ISO13485,Revision Quote,No,1,P. Singh,2026-07-02,2026-07-03,No,0.0,19211.22,28.9,27020.0,32,VP Sales - K. Reyes,2026-07-03,2026-07-06,0,13,Low,0.67,2026-07-07,Yes,False,2026-07-27,Won,,27020.0,Closed - Won
Task,RFQ-2750,RFQ-2750 - Medical RFQ (High complexity),Medical,Standard,2026-06-29,2026-08-03,79,High,134000.0,S. Kim,2026-06-29,2026-06-30,Complete,D. Ortiz,2026-06-29,2026-07-02,High,Yes,5,Ultra-Tight,FDA,Repeat Quote,No,9,C. Diaz,2026-07-02,2026-07-06,No,0.0,86918.01,11.9,98658.35,35,VP Sales - K. Reyes,2026-07-06,2026-07-08,0,0,Low,0.55,2026-07-09,Yes,False,2026-07-30,Won,,98658.35,Closed - Won
Task,RFQ-2751,RFQ-2751 - Commercial RFQ (Low complexity),Commercial,Opportunistic,2026-06-30,2026-07-10,17,Low,17000.0,T. Nguyen,2026-06-30,2026-07-02,Complete,L. Fischer,2026-06-30,2026-07-03,Low,No,3,Standard,None,New Quote,No,6,C. Diaz,2026-07-03,2026-07-06,No,0.0,9738.23,26.0,13159.77,11,VP Sales - K. Reyes,2026-07-06,2026-07-07,0,6,Low,0.303,2026-07-08,Yes,False,2026-07-24,Loss,Technical Fit,,Closed - Loss
Task,RFQ-2752,RFQ-2752 - Commercial RFQ (Medium complexity),Commercial,Standard,2026-06-30,2026-07-22,30,Low,14800.0,T. Nguyen,2026-06-30,2026-07-01,Complete,D. Ortiz,2026-06-30,2026-07-07,Medium,No,4,Tight,ISO9001,New Quote,No,7,C. Diaz,2026-07-07,2026-07-09,No,0.0,10125.98,32.0,14891.15,23,VP Sales - K. Reyes,2026-07-09,2026-07-10,0,11,Low,0.059,2026-07-13,Yes,False,,,,,Submitted - Awaiting Decision
Task,RFQ-2753,RFQ-2753 - Defense RFQ (High complexity),Defense,Standard,2026-07-01,2026-08-13,100,High,36900.0,T. Nguyen,2026-07-01,2026-07-02,Complete,L. Fischer,2026-07-01,2026-07-09,High,Yes,7,Ultra-Tight,ITAR,Revision Quote,No,6,C. Diaz,2026-07-09,2026-07-13,No,0.0,21241.83,30.2,30432.42,44,VP Sales - K. Reyes,2026-07-13,2026-07-14,0,33,Medium,0.092,2026-07-15,Yes,False,2026-07-31,Loss,Price - Lost to Competitor,,Closed - Loss
Task,RFQ-2754,RFQ-2754 - Commercial RFQ (Medium complexity),Commercial,Standard,2026-07-01,2026-07-31,82,High,99200.0,T. Nguyen,2026-07-01,2026-07-03,Complete,L. Fischer,2026-07-01,2026-07-06,Medium,Yes,2,Tight,ISO9001,Repeat Quote,Yes,2,C. Diaz,2026-07-06,2026-07-16,Yes,6.8,55772.81,39.6,92339.09,31,Director Ops - W. Turner,2026-07-16,2026-07-20,0,28,Low,0.733,2026-07-21,Yes,False,2026-07-27,Won,,92339.09,Closed - Won
Task,RFQ-2755,RFQ-2755 - Defense RFQ (High complexity),Defense,Strategic,2026-07-01,2026-08-05,67,High,58800.0,T. Nguyen,2026-07-01,2026-07-02,Complete,D. Ortiz,2026-07-01,2026-07-09,High,No,5,Ultra-Tight,ITAR,Repeat Quote,No,3,A. Brooks,2026-07-09,2026-07-10,No,0.0,35978.94,35.6,55867.92,35,VP Sales - K. Reyes,2026-07-10,2026-07-14,0,26,Low,0.708,2026-07-15,Yes,False,2026-07-30,Won,,55867.92,Closed - Won
Task,RFQ-2756,RFQ-2756 - Aerospace RFQ (Low complexity),Aerospace,Opportunistic,2026-07-02,2026-07-13,40,Medium,46400.0,T. Nguyen,2026-07-02,2026-07-06,Complete,L. Fischer,2026-07-02,2026-07-08,Low,No,2,Standard,AS9100,New Quote,No,3,C. Diaz,2026-07-08,2026-07-14,Yes,2.2,31963.87,43.2,56274.42,10,VP Sales - K. Reyes,2026-07-14,2026-07-16,0,18,Low,0.222,2026-07-17,No,False,,,,,Submitted - Awaiting Decision
Task,RFQ-2757,RFQ-2757 - Aerospace RFQ (Medium complexity),Aerospace,Standard,2026-07-02,2026-08-04,52,Medium,17000.0,S. Kim,2026-07-02,2026-07-06,Complete,L. Fischer,2026-07-02,2026-07-10,Medium,No,5,Ultra-Tight,AS9100,Repeat Quote,No,5,A. Brooks,2026-07-10,2026-07-13,No,0.0,9754.12,25.2,13040.27,32,VP Sales - K. Reyes,2026-07-13,2026-07-14,0,1,Low,0.725,2026-07-15,Yes,False,2026-07-28,Loss,Technical Fit,,Closed - Loss
Task,RFQ-2758,RFQ-2758 - Commercial RFQ (Medium complexity),Commercial,Strategic,2026-07-02,2026-07-24,95,High,147000.0,T. Nguyen,2026-07-02,2026-07-03,Missing Info - RFI Sent,D. Ortiz,2026-07-02,2026-07-10,Medium,No,2,Standard,ISO9001,New Quote,No,6,A. Brooks,2026-07-10,2026-07-23,Yes,5.5,106623.72,26.7,145462.1,22,VP Sales - K. Reyes,2026-07-23,2026-07-27,0,30,Medium,0.204,2026-07-28,No,False,,,,,Submitted - Awaiting Decision
Task,RFQ-2759,RFQ-2759 - Aerospace RFQ (Medium complexity),Aerospace,Standard,2026-07-02,2026-07-23,71,High,33100.0,S. Kim,2026-07-02,2026-07-03,Complete,D. Ortiz,2026-07-02,2026-07-10,Medium,No,6,Standard,AS9100,New Quote,No,10,A. Brooks,2026-07-10,2026-07-14,No,0.0,18659.65,21.3,23709.85,21,VP Sales - K. Reyes,2026-07-14,2026-07-15,0,0,Low,0.235,2026-07-16,Yes,False,2026-07-24,Loss,Price - Lost to Competitor,,Closed - Loss
Task,RFQ-2760,RFQ-2760 - Defense RFQ (Medium complexity),Defense,Standard,2026-07-03,2026-07-30,59,Medium,30100.0,T. Nguyen,2026-07-03,2026-07-07,Complete,L. Fischer,2026-07-03,2026-07-13,Medium,No,2,Ultra-Tight,AS9100,Revision Quote,No,1,C. Diaz,2026-07-13,2026-07-16,No,0.0,17333.09,39.4,28602.46,26,VP Sales - K. Reyes,2026-07-16,2026-07-20,1,24,Low,0.481,2026-07-21,Yes,False,,,,,Submitted - Awaiting Decision
Task,RFQ-2762,RFQ-2762 - Commercial RFQ (Medium complexity),Commercial,Standard,2026-07-06,2026-07-31,32,Low,33300.0,S. Kim,2026-07-06,2026-07-08,Complete,D. Ortiz,2026-07-06,2026-07-09,Medium,No,6,Standard,None,Repeat Quote,Yes,6,P. Singh,2026-07-09,2026-07-13,Yes,0.7,24912.56,30.1,35640.29,26,VP Sales - K. Reyes,2026-07-13,2026-07-14,0,18,Low,0.34,2026-07-15,Yes,False,2026-07-28,Loss,Price - Lost to Competitor,,Closed - Loss
Task,RFQ-2763,RFQ-2763 - Commercial RFQ (Medium complexity),Commercial,Standard,2026-07-06,2026-07-28,39,Low,25300.0,T. Nguyen,2026-07-06,2026-07-08,Complete,D. Ortiz,2026-07-06,2026-07-14,Medium,No,3,Tight,ISO9001,New Quote,Yes,3,P. Singh,2026-07-14,2026-07-22,Yes,3.9,15381.93,24.9,20481.93,22,VP Sales - K. Reyes,2026-07-22,2026-07-23,0,15,Low,0.504,2026-07-24,Yes,False,,,,,Submitted - Awaiting Decision
Task,RFQ-2761,RFQ-2761 - Aerospace RFQ (Low complexity),Aerospace,Opportunistic,2026-07-06,2026-07-28,53,Medium,30200.0,S. Kim,2026-07-06,2026-07-07,Complete,D. Ortiz,2026-07-06,2026-07-07,Low,No,1,Standard,None,New Quote,No,2,P. Singh,2026-07-07,2026-07-07,No,0.0,22389.61,29.5,31758.31,23,VP Sales - K. Reyes,2026-07-07,2026-07-08,0,6,Low,0.178,2026-07-09,Yes,False,2026-07-17,Loss,Technical Fit,,Closed - Loss
Task,RFQ-2764,RFQ-2764 - Commercial RFQ (Medium complexity),Commercial,Standard,2026-07-07,2026-07-29,87,High,16200.0,S. Kim,2026-07-07,2026-07-08,Missing Info - RFI Sent,D. Ortiz,2026-07-07,2026-07-09,Medium,No,2,Standard,ISO9001,Repeat Quote,Yes,2,C. Diaz,2026-07-09,2026-07-13,Yes,0.5,11076.59,38.9,18128.63,23,VP Sales - K. Reyes,2026-07-13,2026-07-16,1,14,Low,0.349,2026-07-17,Yes,False,2026-07-24,Won,,18128.63,Closed - Won
Task,RFQ-2765,RFQ-2765 - Medical RFQ (High complexity),Medical,Opportunistic,2026-07-07,2026-08-12,48,Medium,19300.0,S. Kim,2026-07-07,2026-07-09,Complete,D. Ortiz,2026-07-07,2026-07-21,High,Yes,4,Tight,ISO13485,New Quote,No,7,C. Diaz,2026-07-21,2026-07-28,No,0.0,12906.75,20.4,16214.51,36,VP Sales - K. Reyes,2026-07-28,2026-07-30,1,43,Medium,0.284,2026-07-31,Yes,False,,,,,Submitted - Awaiting Decision
Task,RFQ-2766,RFQ-2766 - Defense RFQ (High complexity),Defense,Strategic,2026-07-07,2026-08-12,59,Medium,17700.0,T. Nguyen,2026-07-07,2026-07-08,Complete,L. Fischer,2026-07-07,2026-07-14,High,No,9,Ultra-Tight,AS9100,Repeat Quote,Yes,22,C. Diaz,2026-07-14,2026-07-17,No,0.0,10275.54,18.2,12561.78,37,VP Sales - K. Reyes,2026-07-17,2026-07-20,0,42,Medium,0.567,2026-07-21,Yes,False,,,,,Submitted - Awaiting Decision
Task,RFQ-2767,RFQ-2767 - Medical RFQ (High complexity),Medical,Strategic,2026-07-07,2026-08-17,79,High,9800.0,S. Kim,2026-07-07,2026-07-09,Complete,D. Ortiz,2026-07-07,2026-07-22,High,No,5,Standard,ISO13485,New Quote,No,7,A. Brooks,2026-07-22,2026-07-28,No,0.0,7191.77,21.2,9126.61,40,VP Sales - K. Reyes,2026-07-28,2026-07-29,0,22,Low,0.492,2026-07-30,Yes,False,,,,,Submitted - Awaiting Decision
Task,RFQ-2768,RFQ-2768 - Defense RFQ (Medium complexity),Defense,Standard,2026-07-07,2026-07-29,70,High,20000.0,T. Nguyen,2026-07-07,2026-07-09,Missing Info - RFI Sent,L. Fischer,2026-07-07,2026-07-09,Medium,No,5,Tight,ITAR,Repeat Quote,No,6,P. Singh,2026-07-09,2026-07-10,No,0.0,11513.51,33.4,17287.55,22,VP Sales - K. Reyes,2026-07-10,2026-07-13,0,15,Low,0.491,2026-07-14,Yes,False,2026-07-27,Loss,Technical Fit,,Closed - Loss
Task,RFQ-2769,RFQ-2769 - Aerospace RFQ (High complexity),Aerospace,Standard,2026-07-08,2026-08-18,77,High,69300.0,T. Nguyen,2026-07-08,2026-07-10,Complete,D. Ortiz,2026-07-08,2026-07-23,High,No,4,Tight,AS9100,New Quote,No,5,P. Singh,2026-07-23,2026-07-29,No,0.0,45430.59,24.9,60493.46,41,Director Ops - W. Turner,2026-07-29,2026-07-31,0,20,Low,0.267,2026-08-03,Yes,False,,,,,In Progress
Task,RFQ-2770,RFQ-2770 - Aerospace RFQ (High complexity),Aerospace,Opportunistic,2026-07-08,2026-08-18,13,Low,13000.0,S. Kim,2026-07-08,2026-07-10,Complete,D. Ortiz,2026-07-08,2026-07-22,High,No,7,Ultra-Tight,None,Revision Quote,No,10,C. Diaz,2026-07-22,2026-07-27,No,0.0,8595.52,27.9,11921.66,40,VP Sales - K. Reyes,2026-07-27,2026-07-30,1,25,Low,0.324,2026-07-31,Yes,False,,,,,Submitted - Awaiting Decision
Task,RFQ-2771,RFQ-2771 - Aerospace RFQ (High complexity),Aerospace,Strategic,2026-07-08,2026-08-17,75,High,42100.0,T. Nguyen,2026-07-08,2026-07-09,Complete,D. Ortiz,2026-07-08,2026-07-22,High,No,6,Ultra-Tight,AS9100,Revision Quote,No,8,A. Brooks,2026-07-22,2026-07-27,No,0.0,29663.62,16.9,35696.29,39,VP Sales - K. Reyes,2026-07-27,2026-07-31,3,52,Medium,0.48,2026-08-03,Yes,False,,,,,In Progress
Task,RFQ-2776,RFQ-2776 - Commercial RFQ (Medium complexity),Commercial,Standard,2026-07-09,2026-08-05,55,Medium,87200.0,T. Nguyen,2026-07-09,2026-07-10,Complete,D. Ortiz,2026-07-09,2026-07-28,Medium,Yes,5,Standard,ISO9001,New Quote,No,8,A. Brooks,2026-07-28,2026-07-30,No,0.0,58315.63,19.3,72262.24,26,Director Ops - W. Turner,2026-07-30,2026-08-03,0,16,Low,0.426,2026-08-04,Yes,False,,,,,In Progress
Task,RFQ-2775,RFQ-2775 - Medical RFQ (High complexity),Medical,Strategic,2026-07-09,2026-08-14,86,High,11900.0,S. Kim,2026-07-09,2026-07-10,Complete,L. Fischer,2026-07-09,2026-07-23,High,No,4,Tight,ISO13485,New Quote,No,6,C. Diaz,2026-07-23,2026-08-03,Yes,4.0,7351.9,21.7,9389.4,36,VP Sales - K. Reyes,2026-08-03,2026-08-04,0,28,Low,0.206,2026-08-05,Yes,False,,,,,In Progress
Task,RFQ-2774,RFQ-2774 - Commercial RFQ (Low complexity),Commercial,Strategic,2026-07-09,2026-07-28,82,High,111100.0,S. Kim,2026-07-09,2026-07-10,Complete,L. Fischer,2026-07-09,2026-07-15,Low,No,2,Standard,ISO9001,Revision Quote,No,4,A. Brooks,2026-07-15,2026-07-24,Yes,5.3,80347.39,36.5,126531.32,18,VP Sales - K. Reyes,2026-07-24,2026-07-28,0,4,Low,0.719,2026-07-29,No,False,,,,,Submitted - Awaiting Decision
Task,RFQ-2773,RFQ-2773 - Commercial RFQ (Medium complexity),Commercial,Standard,2026-07-09,2026-08-07,40,Medium,11600.0,S. Kim,2026-07-09,2026-07-13,Complete,D. Ortiz,2026-07-09,2026-07-24,Medium,No,3,Tight,ISO9001,New Quote,No,5,P. Singh,2026-07-24,2026-07-29,No,0.0,7615.35,26.5,10361.02,29,VP Sales - K. Reyes,2026-07-29,2026-08-03,1,39,Medium,0.383,2026-08-04,Yes,False,,,,,In Progress
Task,RFQ-2772,RFQ-2772 - Commercial RFQ (Medium complexity),Commercial,Strategic,2026-07-09,2026-07-29,78,High,28800.0,S. Kim,2026-07-09,2026-07-10,Complete,D. Ortiz,2026-07-09,2026-07-22,Medium,Yes,4,Standard,None,Revision Quote,No,3,C. Diaz,2026-07-22,2026-07-24,No,0.0,16548.16,25.3,22152.82,20,VP Sales - K. Reyes,2026-07-24,2026-07-29,1,10,Low,0.737,2026-07-30,No,False,,,,,Submitted - Awaiting Decision
Task,RFQ-2777,RFQ-2777 - Medical RFQ (Medium complexity),Medical,Opportunistic,2026-07-10,2026-08-10,19,Low,27300.0,T. Nguyen,2026-07-10,2026-07-13,Complete,D. Ortiz,2026-07-10,2026-07-28,Medium,No,3,Standard,FDA,Repeat Quote,Yes,5,A. Brooks,2026-07-28,2026-07-30,No,0.0,19054.82,22.3,24523.58,29,VP Sales - K. Reyes,2026-07-30,2026-08-04,1,22,Low,0.401,2026-08-05,Yes,False,,,,,In Progress
Task,RFQ-2778,RFQ-2778 - Aerospace RFQ (High complexity),Aerospace,Standard,2026-07-10,2026-08-20,31,Low,7500.0,S. Kim,2026-07-10,2026-07-14,Complete,D. Ortiz,2026-07-10,2026-08-05,High,Yes,7,Ultra-Tight,None,New Quote,No,6,C. Diaz,2026-08-05,2026-08-11,No,0.0,4782.5,23.7,6268.02,40,VP Sales - K. Reyes,2026-08-11,2026-08-17,2,63,High,0.133,2026-08-18,Yes,False,,,,,In Progress
Task,RFQ-2779,RFQ-2779 - Defense RFQ (High complexity),Defense,Standard,2026-07-13,2026-08-27,80,High,165300.0,S. Kim,2026-07-13,2026-07-15,Complete,L. Fischer,2026-07-13,2026-07-17,High,No,9,Tight,AS9100+ITAR,Repeat Quote,No,15,C. Diaz,2026-07-17,2026-07-22,No,0.0,114531.15,17.8,139332.3,46,VP Sales - K. Reyes,2026-07-22,2026-07-29,1,35,Medium,0.496,2026-07-30,Yes,False,,,,,Submitted - Awaiting Decision
Task,RFQ-2780,RFQ-2780 - Commercial RFQ (Medium complexity),Commercial,Standard,2026-07-13,2026-08-10,55,Medium,75900.0,T. Nguyen,2026-07-13,2026-07-15,Complete,L. Fischer,2026-07-13,2026-07-20,Medium,No,5,Standard,ISO9001,New Quote,Yes,6,P. Singh,2026-07-20,2026-08-03,Yes,8.1,53049.41,42.7,92581.87,28,Director Ops - W. Turner,2026-08-03,2026-08-05,0,12,Low,0.272,2026-08-06,Yes,False,,,,,In Progress
Task,RFQ-2781,RFQ-2781 - Medical RFQ (Medium complexity),Medical,Standard,2026-07-13,2026-08-07,96,High,139200.0,S. Kim,2026-07-13,2026-07-14,Missing Info - RFI Sent,D. Ortiz,2026-07-13,2026-07-16,Medium,No,5,Standard,ISO13485,New Quote,No,7,P. Singh,2026-07-16,2026-07-20,No,0.0,77768.81,26.0,105092.99,27,Director Ops - W. Turner,2026-07-20,2026-07-24,1,14,Low,0.219,2026-07-27,Yes,False,,,,,Submitted - Awaiting Decision
Task,RFQ-2782,RFQ-2782 - Defense RFQ (Medium complexity),Defense,Standard,2026-07-14,2026-08-17,86,High,142100.0,S. Kim,2026-07-14,2026-07-16,Complete,D. Ortiz,2026-07-14,2026-07-17,Medium,No,2,Ultra-Tight,ITAR,Revision Quote,No,4,C. Diaz,2026-07-17,2026-07-29,Yes,7.2,88387.71,27.4,121746.16,33,Director Ops - W. Turner,2026-07-29,2026-07-31,0,20,Low,0.639,2026-08-03,Yes,False,,,,,In Progress
Task,RFQ-2783,RFQ-2783 - Commercial RFQ (Low complexity),Commercial,Standard,2026-07-14,2026-08-05,95,High,173100.0,S. Kim,2026-07-14,2026-07-16,Complete,L. Fischer,2026-07-14,2026-07-16,Low,No,5,Tight,None,Repeat Quote,No,8,A. Brooks,2026-07-16,2026-07-20,No,0.0,104580.98,38.6,170327.33,23,Director Ops - W. Turner,2026-07-20,2026-07-22,0,5,Low,0.648,2026-07-23,Yes,False,,,,,Submitted - Awaiting Decision
Task,RFQ-2784,RFQ-2784 - Medical RFQ (Medium complexity),Medical,Standard,2026-07-14,2026-08-17,87,High,38500.0,T. Nguyen,2026-07-14,2026-07-16,Complete,L. Fischer,2026-07-14,2026-07-21,Medium,No,5,Standard,ISO13485+FDA,New Quote,No,5,C. Diaz,2026-07-21,2026-07-23,No,0.0,27494.48,32.0,40433.06,34,VP Sales - K. Reyes,2026-07-23,2026-07-28,1,18,Low,0.509,2026-07-29,Yes,False,,,,,Submitted - Awaiting Decision
Task,RFQ-2785,RFQ-2785 - Commercial RFQ (Low complexity),Commercial,Standard,2026-07-14,2026-07-23,43,Medium,32300.0,S. Kim,2026-07-14,2026-07-16,Complete,L. Fischer,2026-07-14,2026-07-22,Low,No,1,Standard,ISO9001,New Quote,Yes,1,P. Singh,2026-07-22,2026-07-23,No,0.0,21632.37,26.6,29471.89,10,VP Sales - K. Reyes,2026-07-23,2026-07-24,0,12,Low,0.225,2026-07-27,No,False,,,,,Submitted - Awaiting Decision
Task,RFQ-2788,RFQ-2788 - Commercial RFQ (Medium complexity),Commercial,Strategic,2026-07-15,2026-08-12,83,High,93100.0,T. Nguyen,2026-07-15,2026-07-17,Complete,L. Fischer,2026-07-15,2026-07-28,Medium,No,4,Standard,ISO9001,New Quote,No,8,A. Brooks,2026-07-28,2026-07-31,No,0.0,53948.37,29.1,76090.79,28,Director Ops - W. Turner,2026-07-31,2026-08-06,1,20,Low,0.577,2026-08-07,Yes,False,,,,,In Progress
Task,RFQ-2786,RFQ-2786 - Commercial RFQ (Low complexity),Commercial,Strategic,2026-07-15,2026-07-28,94,High,198500.0,T. Nguyen,2026-07-15,2026-07-17,Missing Info - RFI Sent,L. Fischer,2026-07-15,2026-07-22,Low,No,3,Standard,None,Revision Quote,No,3,A. Brooks,2026-07-22,2026-07-29,Yes,4.5,113251.97,37.3,180625.15,13,VP Sales - K. Reyes,2026-07-29,2026-08-06,2,56,Medium,0.475,2026-08-07,No,False,,,,,In Progress
Task,RFQ-2787,RFQ-2787 - Defense RFQ (Medium complexity),Defense,Standard,2026-07-15,2026-08-13,55,Medium,14400.0,S. Kim,2026-07-15,2026-07-16,Complete,L. Fischer,2026-07-15,2026-07-24,Medium,No,5,Standard,AS9100,Revision Quote,Yes,4,A. Brooks,2026-07-24,2026-07-27,No,0.0,8794.32,25.7,11836.23,30,VP Sales - K. Reyes,2026-07-27,2026-07-30,1,13,Low,0.762,2026-07-31,Yes,False,,,,,Submitted - Awaiting Decision
Task,RFQ-2789,RFQ-2789 - Commercial RFQ (High complexity),Commercial,Standard,2026-07-16,2026-08-26,74,High,85500.0,S. Kim,2026-07-16,2026-07-20,Complete,L. Fischer,2026-07-16,2026-08-03,High,No,1,Ultra-Tight,ISO9001,Revision Quote,Yes,3,P. Singh,2026-08-03,2026-08-07,Yes,0.5,49696.44,24.7,65997.93,40,Director Ops - W. Turner,2026-08-07,2026-08-13,1,30,Medium,0.516,2026-08-14,Yes,False,,,,,In Progress
Task,RFQ-2790,RFQ-2790 - Commercial RFQ (Medium complexity),Commercial,Standard,2026-07-16,2026-08-05,42,Medium,27500.0,S. Kim,2026-07-16,2026-07-17,Complete,L. Fischer,2026-07-16,2026-07-28,Medium,No,7,Standard,ISO9001,Repeat Quote,No,10,C. Diaz,2026-07-28,2026-07-30,Yes,0.5,17087.55,18.5,20966.32,20,VP Sales - K. Reyes,2026-07-30,2026-07-31,0,10,Low,0.606,2026-08-03,Yes,False,,,,,In Progress
Task,RFQ-2791,RFQ-2791 - Commercial RFQ (Medium complexity),Commercial,Standard,2026-07-16,2026-08-12,69,High,116100.0,T. Nguyen,2026-07-16,2026-07-20,Complete,L. Fischer,2026-07-16,2026-07-29,Medium,No,3,Tight,None,Repeat Quote,No,2,P. Singh,2026-07-29,2026-07-30,No,0.0,77820.34,31.3,113275.6,27,Director Ops - W. Turner,2026-07-30,2026-08-06,1,26,Low,0.298,2026-08-07,Yes,False,,,,,In Progress
Task,RFQ-2792,RFQ-2792 - Commercial RFQ (Low complexity),Commercial,Strategic,2026-07-16,2026-08-07,100,High,7100.0,S. Kim,2026-07-16,2026-07-20,Complete,L. Fischer,2026-07-16,2026-07-30,Low,No,2,Standard,None,New Quote,No,2,P. Singh,2026-07-30,2026-07-31,No,0.0,4904.09,30.6,7066.41,22,VP Sales - K. Reyes,2026-07-31,2026-08-03,0,4,Low,0.369,2026-08-04,Yes,False,,,,,In Progress
Task,RFQ-2793,RFQ-2793 - Medical RFQ (Low complexity),Medical,Standard,2026-07-16,2026-07-31,76,High,79900.0,S. Kim,2026-07-16,2026-07-17,Complete,D. Ortiz,2026-07-16,2026-07-21,Low,No,2,Tight,FDA,Revision Quote,No,1,A. Brooks,2026-07-21,2026-07-21,No,0.0,57688.18,24.7,76611.13,15,VP Sales - K. Reyes,2026-07-21,2026-07-23,0,4,Low,0.504,2026-07-24,Yes,False,,,,,Submitted - Awaiting Decision
Task,RFQ-2794,RFQ-2794 - Aerospace RFQ (High complexity),Aerospace,Strategic,2026-07-17,2026-08-31,54,Medium,42200.0,T. Nguyen,2026-07-17,2026-07-21,Missing Info - RFI Sent,L. Fischer,2026-07-17,2026-08-11,High,No,5,Tight,AS9100,New Quote,No,7,P. Singh,2026-08-11,2026-08-24,Yes,4.9,26540.17,20.9,33552.68,43,VP Sales - K. Reyes,2026-08-24,2026-08-25,0,23,Low,0.405,2026-08-26,Yes,False,,,,,In Progress
Task,RFQ-2795,RFQ-2795 - Defense RFQ (High complexity),Defense,Strategic,2026-07-17,2026-08-26,81,High,33500.0,T. Nguyen,2026-07-17,2026-07-20,Complete,L. Fischer,2026-07-17,2026-08-12,High,Yes,4,Tight,AS9100,New Quote,Yes,8,P. Singh,2026-08-12,2026-08-25,Yes,3.3,20195.92,21.5,25727.29,39,VP Sales - K. Reyes,2026-08-25,2026-08-26,0,42,Medium,0.366,2026-08-27,No,False,,,,,In Progress
Task,RFQ-2796,RFQ-2796 - Aerospace RFQ (Medium complexity),Aerospace,Standard,2026-07-17,2026-08-07,61,Medium,58900.0,T. Nguyen,2026-07-17,2026-07-21,Complete,L. Fischer,2026-07-17,2026-08-05,Medium,No,6,Standard,AS9100,Repeat Quote,No,10,A. Brooks,2026-08-05,2026-08-07,Yes,1.4,35467.35,25.5,47607.18,21,VP Sales - K. Reyes,2026-08-07,2026-08-12,1,42,Medium,0.465,2026-08-13,No,False,,,,,In Progress
Task,RFQ-2797,RFQ-2797 - Aerospace RFQ (High complexity),Aerospace,Standard,2026-07-17,2026-08-28,86,High,37700.0,T. Nguyen,2026-07-17,2026-07-20,Complete,D. Ortiz,2026-07-17,2026-07-24,High,Yes,3,Ultra-Tight,AS9100,Repeat Quote,Yes,6,C. Diaz,2026-07-24,2026-07-28,No,0.0,28219.59,24.6,37426.51,42,VP Sales - K. Reyes,2026-07-28,2026-07-31,1,32,Medium,0.442,2026-08-03,Yes,False,,,,,In Progress
Task,RFQ-2799,RFQ-2799 - Medical RFQ (High complexity),Medical,Standard,2026-07-20,2026-09-04,53,Medium,12200.0,S. Kim,2026-07-20,2026-07-21,Complete,D. Ortiz,2026-07-20,2026-07-28,High,No,6,Standard,FDA,New Quote,No,9,C. Diaz,2026-07-28,2026-08-04,No,0.0,8181.78,26.0,11056.46,47,VP Sales - K. Reyes,2026-08-04,2026-08-05,0,39,Medium,0.41,2026-08-06,Yes,False,,,,,In Progress
Task,RFQ-2800,RFQ-2800 - Aerospace RFQ (Medium complexity),Aerospace,Strategic,2026-07-20,2026-08-14,90,High,58600.0,T. Nguyen,2026-07-20,2026-07-22,Complete,D. Ortiz,2026-07-20,2026-07-22,Medium,No,4,Tight,AS9100,Repeat Quote,No,4,C. Diaz,2026-07-22,2026-07-23,No,0.0,39829.32,19.9,49724.49,27,VP Sales - K. Reyes,2026-07-23,2026-07-24,0,11,Low,0.487,2026-07-27,Yes,False,,,,,Submitted - Awaiting Decision
Task,RFQ-2798,RFQ-2798 - Defense RFQ (Medium complexity),Defense,Strategic,2026-07-20,2026-08-13,94,High,18700.0,T. Nguyen,2026-07-20,2026-07-21,Missing Info - RFI Sent,L. Fischer,2026-07-20,2026-07-22,Medium,No,7,Standard,AS9100,Repeat Quote,No,12,C. Diaz,2026-07-22,2026-07-27,Yes,1.2,10948.23,34.3,16663.97,25,VP Sales - K. Reyes,2026-07-27,2026-07-28,0,18,Low,0.656,2026-07-29,Yes,False,,,,,Submitted - Awaiting Decision
Task,RFQ-2801,RFQ-2801 - Defense RFQ (High complexity),Defense,Strategic,2026-07-21,2026-08-27,59,Medium,33500.0,S. Kim,2026-07-21,2026-07-23,Complete,L. Fischer,2026-07-21,2026-07-29,High,No,9,Tight,AS9100,Revision Quote,Yes,20,A. Brooks,2026-07-29,2026-08-03,No,0.0,23722.35,17.4,28719.55,38,VP Sales - K. Reyes,2026-08-03,2026-08-04,0,42,Medium,0.408,2026-08-05,Yes,False,,,,,In Progress
Task,RFQ-2802,RFQ-2802 - Medical RFQ (High complexity),Medical,Standard,2026-07-22,2026-09-03,53,Medium,93300.0,T. Nguyen,2026-07-22,2026-07-24,Complete,L. Fischer,2026-07-22,2026-07-30,High,No,5,Ultra-Tight,FDA,Revision Quote,No,11,C. Diaz,2026-07-30,2026-08-07,Yes,3.7,52345.51,16.8,62915.28,43,Director Ops - W. Turner,2026-08-07,2026-08-11,0,29,Low,0.446,2026-08-12,Yes,False,,,,,In Progress
Task,RFQ-2803,RFQ-2803 - Aerospace RFQ (High complexity),Aerospace,Standard,2026-07-22,2026-08-27,58,Medium,17700.0,S. Kim,2026-07-22,2026-07-24,Complete,D. Ortiz,2026-07-22,2026-08-04,High,No,4,Ultra-Tight,AS9100,New Quote,No,4,A. Brooks,2026-08-04,2026-08-11,No,0.0,11685.66,18.2,14285.65,37,VP Sales - K. Reyes,2026-08-11,2026-08-14,1,41,Medium,0.17,2026-08-17,Yes,False,,,,,In Progress
Task,RFQ-2804,RFQ-2804 - Commercial RFQ (Low complexity),Commercial,Opportunistic,2026-07-23,2026-08-05,54,Medium,7200.0,T. Nguyen,2026-07-23,2026-07-27,Complete,D. Ortiz,2026-07-23,2026-07-29,Low,No,3,Standard,None,New Quote,No,7,C. Diaz,2026-07-29,2026-07-30,No,0.0,4417.59,23.4,5767.09,13,VP Sales - K. Reyes,2026-07-30,2026-07-31,0,7,Low,0.404,2026-08-03,Yes,False,,,,,In Progress
Task,RFQ-2805,RFQ-2805 - Aerospace RFQ (High complexity),Aerospace,Standard,2026-07-23,2026-08-31,43,Medium,30400.0,S. Kim,2026-07-23,2026-07-24,Complete,L. Fischer,2026-07-23,2026-08-05,High,Yes,6,Tight,AS9100,New Quote,No,9,P. Singh,2026-08-05,2026-08-11,No,0.0,21209.95,24.8,28204.72,38,VP Sales - K. Reyes,2026-08-11,2026-08-12,0,35,Medium,0.368,2026-08-13,Yes,False,,,,,In Progress
Task,RFQ-2806,RFQ-2806 - Commercial RFQ (Low complexity),Commercial,Standard,2026-07-24,2026-08-04,53,Medium,64700.0,T. Nguyen,2026-07-24,2026-07-28,Complete,L. Fischer,2026-07-24,2026-07-31,Low,No,4,Tight,None,New Quote,No,2,A. Brooks,2026-07-31,2026-08-03,No,0.0,48237.06,33.6,72646.17,10,VP Sales - K. Reyes,2026-08-03,2026-08-05,0,5,Low,0.406,2026-08-06,No,False,,,,,In Progress
Task,RFQ-2807,RFQ-2807 - Commercial RFQ (Low complexity),Commercial,Standard,2026-07-24,2026-08-06,40,Medium,31200.0,T. Nguyen,2026-07-24,2026-07-27,Missing Info - RFI Sent,D. Ortiz,2026-07-24,2026-07-30,Low,No,3,Standard,ISO9001,Repeat Quote,No,5,C. Diaz,2026-07-30,2026-07-30,No,0.0,20176.41,36.0,31525.64,12,VP Sales - K. Reyes,2026-07-30,2026-08-04,1,25,Low,0.779,2026-08-05,Yes,False,,,,,In Progress
Task,RFQ-2808,RFQ-2808 - Commercial RFQ (Low complexity),Commercial,Standard,2026-07-28,2026-08-12,54,Medium,45100.0,T. Nguyen,2026-07-28,2026-07-29,Missing Info - RFI Sent,D. Ortiz,2026-07-28,2026-07-29,Low,No,3,Tight,None,Revision Quote,No,6,C. Diaz,2026-07-29,2026-07-31,No,0.0,27156.84,16.7,32601.25,15,VP Sales - K. Reyes,2026-07-31,2026-08-03,0,4,Low,0.309,2026-08-04,Yes,False,,,,,In Progress
Task,RFQ-2809,RFQ-2809 - Aerospace RFQ (High complexity),Aerospace,Standard,2026-07-29,2026-09-02,53,Medium,11400.0,S. Kim,2026-07-29,2026-07-31,Complete,D. Ortiz,2026-07-29,2026-08-04,High,Yes,6,Tight,None,Repeat Quote,Yes,7,C. Diaz,2026-08-04,2026-08-06,Yes,0.5,6552.04,23.5,8564.76,35,VP Sales - K. Reyes,2026-08-06,2026-08-11,1,33,Medium,0.326,2026-08-12,Yes,False,,,,,In Progress
Task,RFQ-2812,RFQ-2812 - Aerospace RFQ (High complexity),Aerospace,Opportunistic,2026-07-30,2026-09-16,48,Medium,34300.0,S. Kim,2026-07-30,2026-07-31,Complete,L. Fischer,2026-07-30,2026-08-10,High,No,4,Ultra-Tight,AS9100,New Quote,No,6,C. Diaz,2026-08-10,2026-08-14,No,0.0,21910.96,20.0,27388.7,47,VP Sales - K. Reyes,2026-08-14,2026-08-24,2,37,Medium,0.234,2026-08-25,Yes,False,,,,,In Progress
Task,RFQ-2813,RFQ-2813 - Medical RFQ (Medium complexity),Medical,Standard,2026-07-30,2026-08-26,41,Medium,15700.0,S. Kim,2026-07-30,2026-08-03,Complete,D. Ortiz,2026-07-30,2026-08-10,Medium,No,4,Standard,ISO13485+FDA,New Quote,No,6,P. Singh,2026-08-10,2026-08-13,No,0.0,8642.09,34.0,13094.08,27,VP Sales - K. Reyes,2026-08-13,2026-08-17,1,24,Low,0.215,2026-08-18,Yes,False,,,,,In Progress
Task,RFQ-2810,RFQ-2810 - Defense RFQ (High complexity),Defense,Standard,2026-07-30,2026-09-16,63,Medium,99600.0,S. Kim,2026-07-30,2026-07-31,Missing Info - RFI Sent,D. Ortiz,2026-07-30,2026-08-12,High,No,6,Standard,AS9100,New Quote,No,10,A. Brooks,2026-08-12,2026-08-19,No,0.0,72406.16,30.9,104784.6,47,Director Ops - W. Turner,2026-08-19,2026-08-21,0,28,Low,0.288,2026-08-24,Yes,False,,,,,In Progress
Task,RFQ-2811,RFQ-2811 - Aerospace RFQ (High complexity),Aerospace,Standard,2026-07-30,2026-09-04,51,Medium,3900.0,S. Kim,2026-07-30,2026-07-31,Complete,D. Ortiz,2026-07-30,2026-08-12,High,Yes,1,Ultra-Tight,AS9100,New Quote,No,1,A. Brooks,2026-08-12,2026-08-19,No,0.0,2545.66,9.8,2822.24,37,VP Sales - K. Reyes,2026-08-19,2026-08-27,3,64,High,0.354,2026-08-28,Yes,False,,,,,In Progress
Task,RFQ-2814,RFQ-2814 - Aerospace RFQ (High complexity),Aerospace,Standard,2026-07-31,2026-09-15,70,High,61800.0,T. Nguyen,2026-07-31,2026-08-04,Complete,D. Ortiz,2026-07-31,2026-08-14,High,No,8,Standard,AS9100,New Quote,No,8,P. Singh,2026-08-14,2026-08-21,No,0.0,45223.68,28.2,62985.63,45,Director Ops - W. Turner,2026-08-21,2026-08-27,1,37,Medium,0.31,2026-08-28,Yes,False,,,,,In Progress
